Wavelength,Melanopic lux,Wavelength,CIE Scotopic 1951,Wavelength,CIE Photopic 1924,Wavelength,Photosynthesis,Wavelength,Cleve Moth Attraction,Wavelength,Bee Attraction,Wavelength,Green Turtle 92,Wavelength,Juvenile Salmon,Wavelength,Chelonia,Wavelength,Shearwater,Wavelength,Starry Light,Wavelength,Skyglow Rayleigh City Center,Wavelength,Skyglow Mie Remote,Wavelength,Loggerhead Hatchling Attraction,Wavelength,van Grunsven Insect Phototaxis
380,0.000876732,380,0.000589,360,0.000003917,400,0.5,250,0,250,0,380,0.783716153,350,0.318226377,350,0.554165013,350,0.551557517,350,0,350,0,350,0,350,0.602808417,280,0.090110974
385,0.00166579,381,0.000665,361,4.39358E-06,401,0.53,251,0,251,0,381,0.786936447,351,0.32914731,351,0.562285511,351,0.552831609,355,0,355,0,355,0,351,0.605201109,281,0.101779292
390,0.00306856,382,0.000752,362,4.9296E-06,402,0.55,252,0,252,0,382,0.790173615,352,0.340961776,352,0.570147419,352,0.553934325,360,0,360,0,360,0,352,0.607597562,282,0.11418598
395,0.005874101,383,0.000854,363,5.53214E-06,403,0.58,253,0,253,0,383,0.793428284,353,0.353237248,353,0.577795862,353,0.554868838,365,0,365,0,365,0,353,0.609997714,283,0.1272843
400,0.01139751,384,0.000972,364,6.20825E-06,404,0.6,254,0,254,0,384,0.796701086,354,0.365536215,354,0.585276507,354,0.555638367,370,0,370,0,370,0,354,0.612401506,284,0.14101917
405,0.02279502,385,0.001108,365,0.000006965,405,0.63,255,0,255,0,385,0.799992658,355,0.377416187,355,0.592635559,355,0.556246185,375,0,375,0,375,0,355,0.614808876,285,0.155328388
410,0.046116079,386,0.001268,366,7.81322E-06,406,0.65,256,0,256,0,386,0.803303645,356,0.388443647,356,0.599919763,356,0.556695619,380,0.000271644,380,0.000736203,380,0.000575082,356,0.617219762,286,0.170143984
415,0.079431878,387,0.001453,367,8.76734E-06,407,0.68,257,0,257,0,387,0.806634693,357,0.398282493,357,0.607176406,357,0.556990048,385,0.000534893,385,0.001383014,385,0.001093121,357,0.619634101,287,0.185393646
420,0.137208487,388,0.001668,368,9.83984E-06,408,0.7,258,0,258,0,388,0.809986459,358,0.406638414,358,0.614453313,358,0.557132901,390,0.001114036,390,0.002749697,390,0.002198721,358,0.622051829,288,0.201002173
425,0.187094512,389,0.001918,369,1.10432E-05,409,0.73,259,0,259,0,389,0.813359602,359,0.413214138,359,0.62178624,359,0.55712766,395,0.002872041,395,0.006771101,395,0.00547676,359,0.624472883,289,0.216892903
430,0.253813782,390,0.002209,370,0.00001239,410,0.75,260,0,260,0,390,0.816754789,360,0.417709222,360,0.629090792,360,0.556977862,400,0.00709475,400,0.015985983,400,0.013077368,360,0.626897196,290,0.232989081
435,0.320708399,391,0.002547,371,1.38864E-05,411,0.77,261,0,261,0,391,0.82017269,361,0.419911795,361,0.636214646,361,0.556687093,405,0.014889793,405,0.032082545,405,0.02654027,361,0.629324705,291,0.249215135
440,0.401543048,392,0.002939,372,1.55573E-05,412,0.79,262,0,262,0,392,0.823613983,362,0.419990365,362,0.643003082,362,0.556258993,410,0.029414425,410,0.060639653,410,0.05072116,362,0.631755342,292,0.265497827
445,0.473961073,393,0.003394,373,0.000017443,413,0.82,263,0,263,0,393,0.82707935,363,0.418215204,363,0.649344934,363,0.555697254,415,0.051536308,415,0.101708766,415,0.086005984,363,0.634189042,293,0.281767261
450,0.553655971,394,0.003921,374,1.95838E-05,414,0.84,264,0,264,0,394,0.83056948,364,0.414859757,364,0.655277813,364,0.55500562,420,0.083291262,420,0.157441866,420,0.13457723,364,0.636625735,294,0.29795774
455,0.629668595,395,0.00453,375,0.00002202,415,0.86,265,0,265,0,395,0.834085068,365,0.410200644,365,0.660870826,365,0.554187887,425,0.119343715,425,0.216181057,425,0.186764646,365,0.639065354,295,0.31400846
460,0.708048396,396,0.00524,376,2.48397E-05,416,0.88,266,0,266,0,396,0.837626813,366,0.404517655,366,0.666193874,366,0.553247906,430,0.159828241,430,0.277578172,430,0.242344918,366,0.641507831,296,0.329864049
465,0.785200772,397,0.00605,377,2.80413E-05,417,0.89,267,0,267,0,397,0.84119542,367,0.398093752,367,0.671317654,367,0.552189575,435,0.232007878,435,0.386509024,435,0.340978476,367,0.643953095,297,0.345474945
470,0.860248992,398,0.00698,378,0.000031531,418,0.91,268,0,268,0,398,0.844791599,368,0.391215071,368,0.676313882,368,0.551016849,440,0.317515118,440,0.50763669,440,0.452467519,368,0.646401076,298,0.36079763
475,0.917674908,399,0.00806,379,3.52152E-05,419,0.93,269,0,269,0,399,0.848416071,369,0.384170922,369,0.681273444,369,0.549733735,445,0.402441889,445,0.617767945,445,0.556258135,369,0.648851703,299,0.375794738
480,0.96554445,400,0.00929,380,0.000039,420,0.94,270,0,270,0,400,0.852069553,370,0.377253786,370,0.686320252,370,0.548344287,450,0.491308843,450,0.724448907,450,0.658909881,370,0.651304905,300,0.390435025
485,0.990618972,401,0.0107,381,4.28264E-05,421,0.97,271,0,271,0,401,0.855752133,371,0.370759316,371,0.691582776,371,0.546852619,455,0.555840368,455,0.787639135,455,0.723543322,371,0.653760609,301,0.404693258
490,1,402,0.01231,382,4.69146E-05,422,0.98,272,0,272,0,402,0.859461312,372,0.36498634,372,0.697190865,372,0.545262892,460,0.616453345,460,0.839827806,460,0.779110925,372,0.656218743,302,0.418549997
495,0.992021743,403,0.01413,383,5.15896E-05,423,0.99,273,0,273,0,403,0.863193915,373,0.360236857,373,0.703275616,373,0.543579321,465,0.665630842,465,0.872209951,465,0.817063276,373,0.658679233,303,0.431991313
500,0.965895143,404,0.01619,384,5.71764E-05,424,1,274,0,274,0,404,0.866946742,374,0.35681604,374,0.709958208,374,0.541806174,470,0.716550689,470,0.903468177,470,0.854531208,374,0.661142003,304,0.445008454
505,0.922233912,405,0.01852,385,0.000064,425,1,275,0,275,0,405,0.87071655,375,0.355032232,375,0.717341165,375,0.539947768,475,0.781626691,475,0.948681905,475,0.905882483,375,0.663606981,305,0.457597459
510,0.862879186,406,0.02113,386,7.23442E-05,426,1,276,0,276,0,406,0.874500072,376,0.355196953,376,0.725526028,376,0.538008477,480,0.848340927,480,0.991562732,480,0.955794012,376,0.666074088,306,0.46975875
515,0.785200772,407,0.02405,387,8.22122E-05,427,1,277,0,277,0,407,0.878294002,377,0.357624892,377,0.73461536,377,0.535992725,485,0.88246191,485,0.993674032,485,0.966804139,377,0.668543251,307,0.48149671
520,0.699631773,408,0.0273,388,9.35082E-05,428,1,278,0,278,0,408,0.882095004,378,0.362633911,378,0.744695729,378,0.533904986,490,0.907755424,490,0.985101987,490,0.967352288,378,0.67101439,308,0.492819247
525,0.609416097,409,0.03089,389,0.000106136,429,1,279,0,279,0,409,0.88589971,379,0.370545048,379,0.755738037,379,0.531749791,495,0.955315733,495,0.999508391,495,0.990508301,379,0.673487429,309,0.503737367
530,0.519288094,410,0.03484,390,0.00012,430,1,280,0,280,0,410,0.889704717,380,0.381681144,380,0.767663983,380,0.529531721,500,0.991000298,500,1,500,1,380,0.67596229,310,0.514264752
535,0.432491671,411,0.03916,391,0.000134984,431,1,281,0,281,0,411,0.89350659,381,0.396031274,381,0.780392704,381,0.527255407,505,1,505,0.973574677,505,0.982332484,381,0.678438893,311,0.524417361
540,0.351657023,412,0.0439,392,0.000151492,432,0.99,282,0,282,0,412,0.897301859,382,0.412806163,382,0.793819485,382,0.524925536,510,0.991858233,510,0.931998469,510,0.948757787,382,0.680917158,312,0.534213042
545,0.279151324,413,0.049,393,0.000170208,433,0.99,283,0,283,0,413,0.901087027,383,0.431098585,383,0.807822485,383,0.522546846,515,0.956421123,515,0.867683552,515,0.891076248,383,0.683397006,313,0.543671177
550,0.21567596,414,0.0545,394,0.000191816,434,0.99,284,0,284,0,414,0.904858557,384,0.449991646,384,0.822308511,384,0.520124126,520,0.9041887,520,0.79225551,520,0.820720486,384,0.685878355,314,0.552812343
555,0.162019989,415,0.0604,395,0.000217,435,0.99,285,0,285,0,415,0.908612883,385,0.468558789,385,0.837207365,385,0.517662219,525,0.862768487,525,0.730363418,525,0.763149074,385,0.688361122,315,0.56165801
560,0.118534105,416,0.0668,396,0.000246907,436,0.99,286,0,286,0,416,0.912346406,386,0.48591609,386,0.852448561,386,0.515166019,530,0.80597175,530,0.659393892,530,0.694896619,386,0.690845227,316,0.570230259
565,0.084341575,417,0.0736,397,0.00028124,437,0.99,287,0,287,0,417,0.916055494,387,0.501881617,387,0.867930506,387,0.512640474,535,0.717348152,535,0.567380753,535,0.603003731,387,0.693330585,317,0.578551528
570,0.058741014,418,0.0808,398,0.00031852,438,0.99,288,0,288,0,418,0.919736481,388,0.51678508,388,0.883485972,388,0.510090583,540,0.626270968,540,0.479030289,540,0.513386394,388,0.695817114,318,0.586644393
575,0.039978958,419,0.0885,399,0.000357267,439,0.99,289,0,289,0,419,0.923385669,389,0.530971045,389,0.898937989,389,0.507521397,545,0.542473634,545,0.401392688,545,0.4337638,389,0.698304727,319,0.594531361
580,0.026915658,420,0.0966,400,0.000396,440,0.98,290,0,290,0,420,0.926999326,390,0.544787712,390,0.914110466,390,0.50493802,550,0.461846951,550,0.330682056,550,0.360299821,390,0.700793342,320,0.6022347
585,0.017885324,421,0.1052,401,0.000433715,441,0.98,291,0.000141951,291,0,421,0.930573689,391,0.558586917,391,0.928822867,391,0.502345608,555,0.378487705,555,0.262310254,555,0.28814159,391,0.70328287,321,0.609776282
590,0.011748203,422,0.1141,402,0.000473024,442,0.98,292,0.000284878,292,0,422,0.934104962,392,0.572724125,392,0.942838825,392,0.49974937,560,0.303430634,560,0.203610775,560,0.225474264,392,0.705773228,322,0.617177452
595,0.007715238,423,0.1235,403,0.000517876,443,0.98,293,0.00042878,293,0,423,0.937589313,393,0.587558439,393,0.955882406,393,0.497154566,565,0.239074344,565,0.155373444,565,0.173439251,393,0.708264325,323,0.624458914
600,0.005085043,424,0.1334,404,0.000572219,444,0.98,294,0.000573658,294,0,424,0.941022882,394,0.603352602,394,0.967674643,394,0.494566509,570,0.184559097,570,0.116199486,570,0.130743038,394,0.710756077,324,0.631640635
605,0.00333158,425,0.1436,405,0.00064,445,0.97,295,0.000719512,295,0,425,0.944401771,395,0.619921379,395,0.977945853,395,0.491990565,575,0.142016136,575,0.086646631,575,0.098260674,395,0.713248392,325,0.638741763
610,0.002191829,426,0.1541,406,0.00072456,446,0.97,296,0.001010732,296,0,426,0.947722054,396,0.636950729,396,0.986442957,396,0.489432151,580,0.107137468,580,0.063360535,580,0.072415415,396,0.715741183,326,0.645780557
615,0.00140277,427,0.1651,407,0.0008255,447,0.96,297,0.001303899,297,0,427,0.950979768,397,0.654123376,397,0.992999263,397,0.486896737,585,0.076522916,585,0.043878182,585,0.050537749,397,0.718234359,327,0.652774331
620,0.000964405,428,0.1764,408,0.00094116,448,0.96,298,0.001599019,298,0,428,0.95417092,398,0.671118818,398,0.997512246,398,0.484389845,590,0.053607061,590,0.029810756,590,0.034599258,398,0.720727831,328,0.65973941
625,0.000613712,429,0.1879,409,0.00106988,449,0.95,299,0.001896102,299,0,429,0.957291482,399,0.68761333,399,0.99988006,399,0.481917049,595,0.038670075,595,0.020860858,595,0.024396326,399,0.723221507,329,0.666691087
630,0.000438366,430,0.1998,410,0.00121,450,0.95,300,0.002195125,300,0,430,0.960337396,400,0.703279955,400,1,400,0.479483977,600,0.027534913,600,0.014413101,600,0.01698324,400,0.725715294,330,0.673643593
635,0.000263019,431,0.2119,411,0.001362091,451,0.95,301,0.002349264,301,0,431,0.963304567,401,0.717868905,401,0.997825292,401,0.477096308,605,0.019160401,605,0.009734272,605,0.011556074,401,0.728209078,331,0.680610075
640,0.000175346,432,0.2243,412,0.001530752,452,0.94,302,0.002504391,302,0,432,0.96618887,402,0.731450317,402,0.993536641,402,0.474759772,610,0.013171865,610,0.00649648,610,0.007769658,402,0.730702654,332,0.687602567
645,8.76732E-05,433,0.2369,413,0.001720368,453,0.94,303,0.002660482,303,0,433,0.968986147,403,0.744175907,403,0.987373804,403,0.472480153,615,0.008900826,615,0.004262831,615,0.005135854,403,0.733195791,333,0.694631984
650,8.76732E-05,434,0.2496,414,0.001935323,454,0.94,304,0.00281756,304,0,434,0.971692206,404,0.75619897,404,0.979579074,404,0.470263289,620,0.005964705,620,0.002774579,620,0.00336726,404,0.735688258,334,0.701708096
655,8.76732E-05,435,0.2625,415,0.00218,455,0.93,305,0.002975614,305,0,435,0.974302823,405,0.767674391,405,0.970397258,405,0.468115065,625,0.003921196,625,0.001772021,625,0.002166146,405,0.738179821,335,0.708839524
,,436,0.2755,416,0.0024548,456,0.93,306,0.015822391,306,0,436,0.976813742,406,0.778758639,406,0.960062625,406,0.466041423,630,0.002563349,630,0.001125641,630,0.001385905,406,0.740670244,336,0.716033725
,,437,0.2886,417,0.002764,457,0.93,307,0.028753218,307,0,437,0.97922067,407,0.789609767,407,0.948775012,407,0.464048356,635,0.001722106,635,0.000735009,635,0.000911415,407,0.743159289,337,0.723296985
,,438,0.3017,418,0.0031178,458,0.93,308,0.041767825,308,0,438,0.981519287,408,0.800387413,408,0.936729859,408,0.462142015,640,0.001156301,640,0.000479779,640,0.000599143,408,0.745646716,338,0.730634408
,,439,0.3149,419,0.0035264,459,0.93,309,0.054866334,309,0,439,0.983705236,409,0.811252802,409,0.924124591,409,0.460330015,645,0.000759245,645,0.000306327,645,0.000385226,409,0.748132283,339,0.738049906
,,440,0.3281,420,0.004,460,0.93,310,0.068048746,310,0,440,0.985774128,410,0.822360832,410,0.911158609,410,0.458621059,650,0.000499979,650,0.000196192,650,0.000248446,410,0.750615747,340,0.745546194
,,441,0.3412,421,0.00454624,461,0.92,311,0.079646384,311,0,441,0.987721542,411,0.833728788,411,0.898033296,411,0.457023943,655,0.000339378,655,0.000129549,655,0.000165188,411,0.753096861,341,0.753124779
,,442,0.3543,422,0.00515932,462,0.92,312,0.091317068,312,0,442,0.989543023,412,0.8452552,412,0.884952015,412,0.455547545,660,0.000231625,660,8.6029E-05,660,0.000110449,412,0.755575378,342,0.76078595
,,443,0.3673,423,0.00582928,463,0.92,313,0.103060923,313,0,443,0.991234084,413,0.856833778,413,0.872120112,413,0.454200817,665,0.000160902,665,5.81595E-05,665,7.51774E-05,413,0.758051047,343,0.768528776
,,444,0.3803,424,0.00654616,464,0.92,314,0.114878074,314,0,444,0.992790205,414,0.868357195,414,0.859744912,414,0.452992788,670,0.000112376,670,3.95386E-05,670,5.14536E-05,414,0.760523616,344,0.776351089
,,445,0.3931,425,0.0073,465,0.92,315,0.12676827,315,0,445,0.994206833,415,0.879717086,415,0.848035717,415,0.451932568,675,7.60129E-05,675,2.60383E-05,675,3.41124E-05,415,0.762992832,345,0.784249483
,,446,0.406,426,0.008086507,466,0.92,316,0.131332663,316,0,446,0.995479382,416,0.890804127,416,0.837180071,416,0.45102934,680,5.16544E-05,680,1.72303E-05,680,2.27237E-05,416,0.765458438,346,0.792219309
,,447,0.418,427,0.00890872,467,0.92,317,0.135923398,317,0,447,0.996603231,417,0.901533325,417,0.827206321,417,0.450292368,685,3.42148E-05,685,1.11159E-05,685,1.47569E-05,417,0.767920177,347,0.800254664
,,448,0.431,428,0.00976768,468,0.92,318,0.140540474,318,0,448,0.997573732,418,0.911880602,418,0.81807618,418,0.44973099,690,2.27319E-05,690,7.19445E-06,690,9.61367E-06,418,0.770377787,348,0.80834839
,,449,0.443,429,0.01066443,469,0.91,319,0.145183891,319,0,449,0.998386198,419,0.921830872,419,0.809750719,419,0.449354623,695,1.63097E-05,695,5.02944E-06,695,6.76446E-06,419,0.772831008,349,0.816492078
,,450,0.455,430,0.0116,470,0.91,320,0.14985365,320,0,450,0.999035911,420,0.931368857,420,0.802190572,420,0.449172762,700,1.17629E-05,700,3.53493E-06,700,4.78516E-06,420,0.775279575,350,0.824676062
,,451,0.467,431,0.01257317,471,0.91,321,0.162692134,321,0,451,0.999519492,421,0.94047046,421,0.79535594,421,0.449194978,705,0.008573422,705,0.00251126,705,0.003421281,421,0.777723222,351,0.832889429
,,452,0.479,432,0.01358272,472,0.91,322,0.175607819,322,0,452,0.999839031,422,0.949095089,422,0.789206592,422,0.449430918,710,0.00627118,710,0.00179076,710,0.002455257,422,0.780161681,352,0.841120029
,,453,0.49,433,0.01462968,473,0.91,323,0.188600448,323,0,453,0.999998022,423,0.957200013,423,0.783701863,423,0.44989031,715,0.004140289,715,0.001152782,715,0.001590558,423,0.782594683,353,0.849354486
,,454,0.502,434,0.01571509,474,0.9,324,0.201670281,324,0,454,1,424,0.964742129,424,0.778800655,424,0.450582955,720,0.00271746,720,0.000737878,720,0.001024497,424,0.785021953,354,0.857578222
,,455,0.513,435,0.01684,475,0.9,325,0.214817056,325,0,455,0.999848539,425,0.971677966,425,0.774461436,425,0.451518735,725,0.00211261,725,0.000559527,725,0.000781721,425,0.787443218,355,0.865775476
,,456,0.524,436,0.01800736,476,0.9,326,0.218817488,326,0,456,0.999547254,426,0.977963683,426,0.77064224,426,0.452707607,730,0.001642001,730,0.000424257,730,0.000596413,426,0.789858203,356,0.873929346
,,457,0.535,437,0.01921448,477,0.89,327,0.222838539,327,0,457,0.999099799,427,0.983555069,427,0.767300669,427,0.454159605,735,0.001250907,735,0.000315362,735,0.000446061,427,0.79226663,357,0.882021821
,,458,0.546,438,0.02045392,478,0.89,328,0.226879946,328,0,458,0.998509868,428,0.988407542,428,0.764395456,428,0.455884843,740,0.000955557,740,0.000235094,740,0.000334562,428,0.794668217,358,0.890033832
,,459,0.557,439,0.02171824,479,0.88,329,0.230941973,329,0,459,0.997781196,429,0.992476152,429,0.761895825,429,0.457893508,745,0.000653974,745,0.000157042,745,0.000224845,429,0.797062683,359,0.897945313
,,460,0.567,440,0.023,480,0.88,330,0.235024355,330,0,460,0.996917557,430,0.995715579,430,0.759775334,430,0.460195869,750,0.000446014,750,0.000104555,750,0.000150601,430,0.799449744,360,0.905735262
,,461,0.578,441,0.02429461,481,0.87,331,0.240741915,331,0,461,0.995922767,431,0.998080131,431,0.75800728,431,0.462802269,755,0.000287816,755,6.58755E-05,755,9.54561E-05,431,0.801829112,361,0.91338182
,,462,0.588,442,0.02561024,482,0.87,332,0.246489718,332,0,462,0.994800679,432,0.999523748,432,0.756564693,432,0.465723129,760,0.000182056,760,4.06906E-05,760,5.93135E-05,432,0.804200501,362,0.920862357
,,463,0.599,443,0.02695857,483,0.86,333,0.252267765,333,0,463,0.993555187,433,1,433,0.755420322,433,0.468968947,765,0.000166971,765,3.64484E-05,765,5.34442E-05,433,0.806563619,363,0.928153571
,,464,0.61,444,0.02835125,484,0.85,334,0.258076057,334,0,464,0.992190228,434,0.999462088,434,0.754546648,434,0.4725503,770,0.000148764,770,3.17211E-05,770,4.67861E-05,434,0.808918174,364,0.935231592
,,465,0.62,445,0.0298,485,0.85,335,0.263914592,335,0,465,0.990709775,435,0.997862841,435,0.753915876,435,0.476476259,775,0.000109871,775,2.28884E-05,775,3.39558E-05,435,0.811263872,365,0.942072105
,,466,0.631,446,0.03131083,486,0.84,336,0.276503425,336,0,466,0.989117842,436,0.99515472,436,0.753499937,436,0.480741741,780,8.13043E-05,780,1.65497E-05,780,2.46947E-05,436,0.813600418,366,0.948650474
,,467,0.642,447,0.03288368,487,0.83,337,0.289162368,337,0,467,0.987418486,437,0.991289816,437,0.753270491,437,0.485334069,785,0,785,0,785,0,437,0.815927511,367,0.954941883
,,468,0.653,448,0.03452112,488,0.82,338,0.30189169,338,0,468,0.985615798,438,0.986219849,438,0.75319892,438,0.49024036,790,0,790,0,790,0,438,0.818244853,368,0.960921487
,,469,0.664,449,0.03622571,489,0.82,339,0.314691256,339,0,469,0.983713917,439,0.97989617,439,0.753256337,439,0.495447594,795,0,795,0,795,0,439,0.820552141,369,0.966564564
,,470,0.676,450,0.038,490,0.81,340,0.327560929,340,0,470,0.981717014,440,0.972310086,440,0.753413578,440,0.500942616,800,0,800,0,800,0,440,0.822849069,370,0.971846683
,,471,0.687,451,0.03984667,491,0.8,341,0.333847234,341,0,471,0.979629306,441,0.963606706,441,0.753641206,441,0.506712131,805,0,805,0,805,0,441,0.825135333,371,0.976743876
,,472,0.699,452,0.041768,492,0.79,342,0.340164895,342,0,472,0.977455045,442,0.953969201,442,0.753911694,442,0.51274271,810,0,810,0,810,0,442,0.827410623,372,0.981232812
,,473,0.71,453,0.043766,493,0.78,343,0.346513638,343,0,473,0.975198529,443,0.943582459,443,0.754220805,443,0.519020782,815,0,815,0,815,0,443,0.829674629,373,0.985290977
,,474,0.722,454,0.04584267,494,0.77,344,0.352893601,344,0,474,0.972864091,444,0.932633096,444,0.754578624,444,0.525532644,820,0,820,0,820,0,444,0.831927039,374,0.98889686
,,475,0.734,455,0.048,495,0.76,345,0.359304783,345,0,475,0.970456106,445,0.921309453,445,0.754995529,445,0.532264453,825,0,825,0,825,0,445,0.834167538,375,0.992030127
,,476,0.745,456,0.05024368,496,0.75,346,0.37148589,346,0,476,0.96797899,446,0.90980159,446,0.755481989,446,0.539202227,830,0,830,0,830,0,446,0.83639581,376,0.994671801
,,477,0.757,457,0.05257304,497,0.74,347,0.383731248,347,0,477,0.965437195,447,0.898301293,447,0.756048564,447,0.546331852,835,0,835,0,835,0,447,0.838611536,377,0.996804439
,,478,0.769,458,0.05498056,498,0.72,348,0.396040997,348,0,478,0.962835218,448,0.887002072,448,0.756705899,448,0.553639073,840,0,840,0,840,0,448,0.840814395,378,0.99841229
,,479,0.781,459,0.05745872,499,0.71,349,0.408415136,349,0,479,0.960177593,449,0.876099162,449,0.757464737,449,0.561109496,845,0,845,0,845,0,449,0.843004065,379,0.999481448
,,480,0.793,460,0.06,500,0.7,350,0.420853665,350,0.131362956,480,0.957468897,450,0.865789519,450,0.758335902,450,0.568728594,850,0,850,0,850,0,450,0.845180223,380,1
,,481,0.805,461,0.06260197,501,0.69,351,0.42958971,351,0.12928017,481,0.954713741,451,0.856209368,451,0.759327734,451,0.576481702,855,0,855,0,855,0,451,0.84734254,381,0.999958141
,,482,0.817,462,0.06527752,502,0.67,352,0.438368682,352,0.130347779,482,0.951916783,452,0.847245717,452,0.760438285,452,0.584354015,860,0,860,0,860,0,452,0.849490689,382,0.999348284
,,483,0.828,463,0.06804208,503,0.66,353,0.447190723,353,0.132886191,483,0.949082716,453,0.838721801,453,0.761662994,453,0.592330594,865,0,865,0,865,0,453,0.851624339,383,0.998165142
,,484,0.84,464,0.07091109,504,0.65,354,0.456055548,354,0.133256827,484,0.946216277,454,0.830459252,454,0.762997248,454,0.600396361,870,0,870,0,870,0,454,0.853743158,384,0.996405789
,,485,0.851,465,0.0739,505,0.64,355,0.464963443,355,0.139406655,485,0.943322238,455,0.822278098,455,0.764436391,455,0.6085361,875,0,875,0,875,0,455,0.85584681,385,0.994069692
,,486,0.862,466,0.077016,506,0.62,356,0.476692639,356,0.135695153,486,0.940405418,456,0.813996773,456,0.765975716,456,0.616734461,880,0,880,0,880,0,456,0.85793496,386,0.991158724
,,487,0.873,467,0.0802664,507,0.61,357,0.488480515,357,0.138970222,487,0.937470667,457,0.805432109,457,0.767610472,457,0.624975952,885,0,885,0,885,0,457,0.860007268,387,0.987677133
,,488,0.884,468,0.0836668,508,0.6,358,0.500326784,358,0.13890477,488,0.934522885,458,0.796399337,458,0.769335857,458,0.633244949,890,0,890,0,890,0,458,0.862063393,388,0.983631501
,,489,0.894,469,0.0872328,509,0.58,359,0.512231733,359,0.142591903,489,0.931567004,459,0.786712089,459,0.771147023,459,0.641525686,895,0,895,0,895,0,459,0.864102995,389,0.979030657
,,490,0.904,470,0.09098,510,0.57,360,0.524195075,360,0.143828399,490,0.928608,460,0.776182396,460,0.773039077,460,0.649802264,900,0,900,0,900,0,460,0.866125726,390,0.973885569
,,491,0.914,471,0.09491755,511,0.55,361,0.534632122,361,0.14309748,491,0.925650887,461,0.764620689,461,0.775007074,461,0.658058644,,,,,,,461,0.868131242,391,0.968209205
,,492,0.923,472,0.09904584,512,0.54,362,0.545118925,362,0.142153358,492,0.922700722,462,0.751836385,462,0.777046025,462,0.666278651,,,,,,,462,0.870119193,392,0.962016369
,,493,0.932,473,0.1033674,513,0.52,363,0.55565563,363,0.143441108,493,0.919762598,463,0.737740793,463,0.779150893,463,0.674445971,,,,,,,463,0.872089228,393,0.955323513
,,494,0.941,474,0.1078846,514,0.51,364,0.566241946,364,0.144070423,494,0.916841651,464,0.72246645,464,0.781316592,464,0.682544155,,,,,,,464,0.874040994,394,0.948148523
,,495,0.949,475,0.1126,515,0.5,365,0.576878017,365,0.146073895,495,0.913943058,465,0.706175792,465,0.78353799,465,0.690556617,,,,,,,465,0.875974139,395,0.940510488
,,496,0.957,476,0.117532,516,0.49,366,0.587385346,366,0.144304265,496,0.91107203,466,0.689032709,466,0.785809908,466,0.698466631,,,,,,,466,0.877888303,396,0.932429464
,,497,0.964,477,0.1226744,517,0.47,367,0.597941455,367,0.147752383,497,0.908233826,467,0.671202555,467,0.788127118,467,0.706257335,,,,,,,467,0.879783128,397,0.923926213
,,498,0.97,478,0.1279928,518,0.46,368,0.608546345,368,0.140038455,498,0.905433739,468,0.652852137,468,0.790484347,468,0.713911732,,,,,,,468,0.881658254,398,0.915021954
,,499,0.976,479,0.1334528,519,0.45,369,0.619200015,369,0.143222362,499,0.902677106,469,0.634149725,469,0.792877583,469,0.721412686,,,,,,,469,0.883513318,399,0.9057381
,,500,0.982,480,0.13902,520,0.44,370,0.629902318,370,0.142478381,500,0.8999693,470,0.615265048,470,0.795313435,470,0.728742922,,,,,,,470,0.885347955,400,0.896096012
,,501,0.986,481,0.1446764,521,0.43,371,0.640834635,371,0.14585202,501,0.897313999,471,0.596369293,471,0.797803731,471,0.73588503,,,,,,,471,0.887161797,401,0.886116764
,,502,0.99,482,0.1504693,522,0.42,372,0.65181656,372,0.139321338,502,0.89470794,472,0.577635105,472,0.800360439,472,0.742821464,,,,,,,472,0.888954478,402,0.875820917
,,503,0.994,483,0.1564619,523,0.41,373,0.66284824,373,0.146072646,503,0.892146084,473,0.55923659,473,0.802995619,473,0.7495349,,,,,,,473,0.890725625,403,0.865228326
,,504,0.997,484,0.1627177,524,0.41,374,0.673929677,374,0.142940759,504,0.889623349,474,0.541349301,474,0.805721433,474,0.756018593,,,,,,,474,0.892474865,404,0.854357973
,,505,0.998,485,0.1693,525,0.4,375,0.685060869,375,0.142677602,505,0.887134611,475,0.524098707,475,0.808550139,475,0.762277971,,,,,,,475,0.894201823,405,0.843227824
,,506,1,486,0.1762431,526,0.39,376,0.695930049,376,0.145345559,506,0.884674702,476,0.507442323,476,0.811494097,476,0.768319186,,,,,,,476,0.895906124,406,0.831854731
,,507,1,487,0.1835581,527,0.39,377,0.706847326,377,0.141695866,507,0.88223841,477,0.491302683,477,0.814565765,477,0.774148456,,,,,,,477,0.897587388,407,0.820254368
,,508,1,488,0.1912735,528,0.38,378,0.717812701,378,0.141619234,508,0.879820481,478,0.47560164,478,0.817777696,478,0.779772064,,,,,,,478,0.899245233,408,0.808441208
,,509,0.998,489,0.199418,529,0.38,379,0.728826173,379,0.14018426,509,0.877415617,479,0.46026036,479,0.821142544,479,0.785196356,,,,,,,479,0.900879277,409,0.796428542
,,510,0.997,490,0.20802,530,0.38,380,0.739887743,380,0.137327462,510,0.875018478,480,0.445199325,480,0.824673065,480,0.790427744,,,,,,,480,0.902489134,410,0.784228535
,,511,0.994,491,0.2171199,531,0.37,381,0.751257612,381,0.138257521,511,0.872623677,481,0.430338333,481,0.828382108,481,0.795472706,,,,,,,481,0.904074419,411,0.771852331
,,512,0.99,492,0.2267345,532,0.37,382,0.762676944,382,0.139236178,512,0.87022579,482,0.415596492,482,0.832282623,482,0.800337782,,,,,,,482,0.905634742,412,0.759310181
,,513,0.986,493,0.2368571,533,0.37,383,0.77414574,383,0.135934069,513,0.867819342,483,0.400892231,483,0.83638766,483,0.805029578,,,,,,,483,0.907169712,413,0.74661162
,,514,0.981,494,0.2474812,534,0.37,384,0.785663999,384,0.13811504,514,0.865398823,484,0.386143292,484,0.840705029,484,0.809554765,,,,,,,484,0.908678935,414,0.733765661
,,515,0.975,495,0.2586,535,0.37,385,0.797231722,385,0.13475851,515,0.862958673,485,0.371266727,485,0.845216111,485,0.813920077,,,,,,,485,0.910162018,415,0.72078102
,,516,0.968,496,0.2701849,536,0.37,386,0.807285977,386,0.132895027,516,0.860493293,486,0.356179948,486,0.849893937,486,0.818132315,,,,,,,486,0.911618562,416,0.707666353
,,517,0.961,497,0.2822939,537,0.37,387,0.817381753,387,0.134435579,517,0.857997038,487,0.340858508,487,0.854711297,487,0.822198345,,,,,,,487,0.913048169,417,0.694430513
,,518,0.953,498,0.2950505,538,0.37,388,0.827518739,388,0.130063139,518,0.855464222,488,0.325367201,488,0.859640751,488,0.826125094,,,,,,,488,0.914450438,418,0.681082797
,,519,0.944,499,0.308578,539,0.37,389,0.837697248,389,0.128598458,519,0.852889114,489,0.309778839,489,0.864654631,489,0.829919558,,,,,,,489,0.915824965,419,0.667633206
,,520,0.935,500,0.323,540,0.37,390,0.847916965,390,0.128408062,520,0.85026594,490,0.294166843,490,0.869725033,490,0.833588795,,,,,,,490,0.917171345,420,0.654092678
,,521,0.925,501,0.3384021,541,0.37,391,0.856557017,391,0.127923196,521,0.847588885,491,0.278605227,491,0.874823825,491,0.837139929,,,,,,,491,0.918489171,421,0.640473313
,,522,0.915,502,0.3546858,542,0.37,392,0.865229984,392,0.122760474,522,0.844852087,492,0.26316861,492,0.879922642,492,0.840580148,,,,,,,492,0.919778036,422,0.626788571
,,523,0.904,503,0.3716986,543,0.38,393,0.873936025,393,0.123653768,523,0.842049643,493,0.247932213,493,0.88499289,493,0.843916706,,,,,,,493,0.921037525,423,0.613053437
,,524,0.892,504,0.3892875,544,0.38,394,0.882675297,394,0.121492616,524,0.839175607,494,0.232971852,494,0.890005739,494,0.847156919,,,,,,,494,0.922267227,424,0.599284553
,,525,0.88,505,0.4073,545,0.38,395,0.891447484,395,0.117089744,525,0.836223989,495,0.218363952,495,0.894919318,495,0.85030817,,,,,,,495,0.923466727,425,0.585500306
,,526,0.867,506,0.4256299,546,0.39,396,0.898475601,396,0.121137628,526,0.833188756,496,0.204185532,496,0.899636813,496,0.853377907,,,,,,,496,0.924635608,426,0.571720874
,,527,0.854,507,0.4443096,547,0.39,397,0.905527815,397,0.114318686,527,0.830063832,497,0.190514215,497,0.904046094,497,0.856373641,,,,,,,497,0.92577345,427,0.557968226
,,528,0.84,508,0.4633944,548,0.39,398,0.912604287,398,0.114624464,528,0.826843096,498,0.177428224,498,0.908034134,498,0.859302949,,,,,,,498,0.926879832,428,0.544266076
,,529,0.826,509,0.4829395,549,0.4,399,0.919704697,399,0.115702743,529,0.823520387,499,0.165006385,499,0.911487018,499,0.862173472,,,,,,,499,0.927954329,429,0.530639788
,,530,0.811,510,0.503,550,0.4,400,0.926829204,400,0.111520972,530,0.820089498,500,0.153328122,500,0.914289936,500,0.864992914,,,,,,,500,0.928996519,430,0.517116234
,,531,0.796,511,0.5235693,551,0.4,401,0.935444892,401,0.108813148,531,0.816544179,501,0.142457483,501,0.916357729,501,0.86776905,,,,,,,501,0.930006121,431,0.503723621
,,532,0.781,512,0.544512,552,0.41,402,0.944091994,402,0.108698093,532,0.812878139,502,0.13239496,502,0.917727005,502,0.870509712,,,,,,,502,0.930983455,432,0.490491262
,,533,0.765,513,0.56569,553,0.41,403,0.952770511,403,0.106769977,533,0.809085041,503,0.123124961,503,0.918465361,503,0.873222802,,,,,,,503,0.931928992,433,0.477449328
,,534,0.749,514,0.5869653,554,0.41,404,0.961480442,404,0.107050593,534,0.805158507,504,0.114631736,504,0.918640963,504,0.875916282,,,,,,,504,0.932843209,434,0.464628563
,,535,0.733,515,0.6082,555,0.42,405,0.970221951,405,0.104878255,535,0.801092112,505,0.106899364,505,0.918322553,505,0.878598185,,,,,,,505,0.933726588,435,0.452059979
,,536,0.717,516,0.6293456,556,0.42,406,0.976142698,406,0.105101461,536,0.796879395,506,0.099911767,506,0.91757944,506,0.881276602,,,,,,,506,0.934579617,436,0.439774535
,,537,0.7,517,0.6503068,557,0.43,407,0.982080975,407,0.100307331,537,0.792513842,507,0.093652696,507,0.916481504,507,0.883959694,,,,,,,507,0.935402786,437,0.427802809
,,538,0.683,518,0.6708752,558,0.43,408,0.988036617,408,0.098764632,538,0.787988905,508,0.088105741,508,0.915099197,508,0.886655499,,,,,,,508,0.936196595,438,0.416174662
,,539,0.667,519,0.6908424,559,0.43,409,0.994009626,409,0.097936561,539,0.783297987,509,0.083254326,509,0.913501165,509,0.889367302,,,,,,,509,0.936961546,439,0.404918913
,,540,0.65,520,0.71,560,0.44,410,1,410,0.099101291,540,0.778434474,510,0.079081711,510,0.911729915,510,0.892093271,,,,,,,510,0.937698145,440,0.394063021
,,541,0.633,521,0.7281852,561,0.44,411,0.998208707,411,0.094043424,541,0.773391785,511,0.075570994,511,0.909811496,511,0.894831308,,,,,,,511,0.938406907,441,0.383632787
,,542,0.616,522,0.7454636,562,0.45,412,0.996396829,412,0.09437678,542,0.76816331,512,0.072705103,512,0.907771912,512,0.897579298,,,,,,,512,0.939088347,442,0.373652074
,,543,0.599,523,0.7619694,563,0.45,413,0.994564365,413,0.094297633,543,0.762742391,513,0.070466805,513,0.905637371,513,0.900335109,,,,,,,513,0.939742992,443,0.364142564
,,544,0.581,524,0.7778368,564,0.45,414,0.992711316,414,0.093966734,544,0.757122333,514,0.068838704,514,0.903434294,514,0.903096592,,,,,,,514,0.940371366,444,0.355123533
,,545,0.564,525,0.7932,565,0.46,415,0.990837682,415,0.093112202,545,0.751296398,515,0.067803236,515,0.901189312,515,0.905861581,,,,,,,515,0.940974006,445,0.346611676
,,546,0.548,526,0.8081104,566,0.46,416,0.98813176,416,0.092290955,546,0.745257804,516,0.067342675,516,0.898929262,516,0.908627894,,,,,,,516,0.941551447,446,0.338620956
,,547,0.531,527,0.8224962,567,0.47,417,0.985401518,417,0.089641039,547,0.738999726,517,0.06743913,517,0.896681193,517,0.911393331,,,,,,,517,0.942104235,447,0.331162506
,,548,0.514,528,0.8363068,568,0.47,418,0.98264662,418,0.088564541,548,0.732515299,518,0.068074543,518,0.89447236,518,0.914155677,,,,,,,518,0.942632918,448,0.324244556
,,549,0.497,529,0.8494916,569,0.47,419,0.979867235,419,0.091728252,549,0.725797612,519,0.069230696,519,0.892330232,519,0.916912696,,,,,,,519,0.94313805,449,0.317872412
,,550,0.481,530,0.862,570,0.48,420,0.977063362,420,0.09068965,550,0.718839715,520,0.070889205,520,0.890282484,520,0.91966214,,,,,,,520,0.94362019,450,0.312048466
,,551,0.465,531,0.8738108,571,0.48,421,0.972448327,421,0.089513101,551,0.711634617,521,0.073031243,521,0.88835656,521,0.922401741,,,,,,,521,0.944079901,451,0.306772247
,,552,0.448,532,0.8849624,572,0.49,422,0.967800315,422,0.089917201,552,0.704175278,522,0.075625254,522,0.886563981,522,0.925129215,,,,,,,522,0.944517752,452,0.302040505
,,553,0.433,533,0.8954936,573,0.49,423,0.963119328,423,0.088899756,553,0.69645462,523,0.078621859,523,0.884895935,523,0.927842261,,,,,,,523,0.944934319,453,0.297847329
,,554,0.417,534,0.9054432,574,0.49,424,0.958405366,424,0.090644586,554,0.688465526,524,0.081969975,524,0.883342219,524,0.930538562,,,,,,,524,0.945330179,454,0.294184287
,,555,0.402,535,0.9148501,575,0.5,425,0.953658427,425,0.092859726,555,0.680200828,525,0.085618119,525,0.881892554,525,0.933215781,,,,,,,525,0.945705919,455,0.291040602
,,556,0.3864,536,0.9237348,576,0.5,426,0.947299259,426,0.094480239,556,0.671653322,526,0.089514394,526,0.880536566,526,0.935871569,,,,,,,526,0.946062128,456,0.288403337
,,557,0.3715,537,0.9320924,577,0.51,427,0.9408997,427,0.093479627,557,0.662815762,527,0.093606499,527,0.879263809,527,0.938503557,,,,,,,527,0.946399399,457,0.286257602
,,558,0.3569,538,0.9399226,578,0.51,428,0.934459579,428,0.095837324,558,0.653680854,528,0.097841727,528,0.878063744,528,0.941109359,,,,,,,528,0.946718334,458,0.284586776
,,559,0.3427,539,0.9472252,579,0.52,429,0.92797924,429,0.093494863,559,0.644241267,529,0.10216696,529,0.876925753,529,0.943686571,,,,,,,529,0.947019538,459,0.283372734
,,560,0.3288,540,0.954,580,0.52,430,0.92145851,430,0.098105968,560,0.634489625,530,0.106528677,530,0.875839133,530,0.946232776,,,,,,,530,0.947303619,460,0.282596074
,,561,0.3151,541,0.9602561,581,0.52,431,0.913656801,431,0.101021827,561,0.62441851,531,0.110872945,531,0.874793096,531,0.948745537,,,,,,,531,0.947571194,461,0.282236354
,,562,0.3018,542,0.9660074,582,0.53,432,0.905809118,432,0.095799985,562,0.614020463,532,0.115145431,532,0.87377677,532,0.951222402,,,,,,,532,0.947822883,462,0.282272317
,,563,0.2888,543,0.9712606,583,0.53,433,0.897915114,433,0.101669626,563,0.6032916,533,0.119291387,533,0.872779203,533,0.953660899,,,,,,,533,0.948059313,463,0.282682114
,,564,0.2762,544,0.9760225,584,0.54,434,0.889975139,434,0.102644839,564,0.592240597,534,0.123255665,534,0.871789353,534,0.956058544,,,,,,,534,0.948281112,464,0.283443518
,,565,0.2639,545,0.9803,585,0.54,435,0.881989017,435,0.110355092,565,0.580878938,535,0.126982702,535,0.870796098,535,0.95841283,,,,,,,535,0.948488917,465,0.284534119
,,566,0.2519,546,0.9840924,586,0.54,436,0.87325473,436,0.111865404,566,0.569218194,536,0.130416536,536,0.869788393,536,0.960721238,,,,,,,536,0.948683368,466,0.285931515
,,567,0.2403,547,0.9874182,587,0.55,437,0.864471253,437,0.133314393,567,0.557270033,537,0.133500793,537,0.868759142,537,0.962981231,,,,,,,537,0.948865114,467,0.287613482
,,568,0.2291,548,0.9903128,588,0.55,438,0.855638233,438,0.136701226,568,0.545046209,538,0.136178693,538,0.867705424,538,0.965190254,,,,,,,538,0.949034803,468,0.289558123
,,569,0.2182,549,0.9928116,589,0.56,439,0.846756024,439,0.145594354,569,0.532558573,539,0.138393048,539,0.866624496,539,0.967345735,,,,,,,539,0.949193092,469,0.291744006
,,570,0.2076,550,0.9949501,590,0.56,440,0.837824273,440,0.155482121,570,0.519819063,540,0.140086264,540,0.865513591,540,0.969445086,,,,,,,540,0.949340643,470,0.294150281
,,571,0.1974,551,0.9967108,591,0.56,441,0.828692744,441,0.166062994,571,0.506839714,541,0.141200345,541,0.86436993,541,0.971485704,,,,,,,541,0.949478122,471,0.296756779
,,572,0.1876,552,0.9980983,592,0.57,442,0.819510988,442,0.165547615,572,0.493632649,542,0.141696373,542,0.863190707,542,0.973464963,,,,,,,542,0.949606201,472,0.299544088
,,573,0.1782,553,0.999112,593,0.57,443,0.810279362,443,0.18080402,573,0.480210085,543,0.141599576,543,0.8619731,543,0.975380228,,,,,,,543,0.949725557,473,0.30249362
,,574,0.169,554,0.9997482,594,0.58,444,0.800997509,444,0.178608395,574,0.466584329,544,0.140948684,544,0.860714268,544,0.97722884,,,,,,,544,0.94983687,474,0.305587656
,,575,0.1602,555,1,595,0.58,445,0.791665785,445,0.182029435,575,0.452767781,545,0.139782731,545,0.859411347,545,0.979008154,,,,,,,545,0.94994083,475,0.308809374
,,576,0.1517,556,0.9998567,596,0.58,446,0.782697362,446,0.17103725,576,0.438772933,546,0.138141065,546,0.858061455,546,0.980716537,,,,,,,546,0.950038127,476,0.312142868
,,577,0.1436,557,0.9993046,597,0.59,447,0.773680565,447,0.173297521,577,0.424612368,547,0.136063341,547,0.856661692,547,0.982353714,,,,,,,547,0.950129459,477,0.315573146
,,578,0.1358,558,0.9983255,598,0.59,448,0.764615753,448,0.175219147,578,0.410298761,548,0.133589522,548,0.855209134,548,0.9839195,,,,,,,548,0.950215528,478,0.319086127
,,579,0.1284,559,0.9968987,599,0.6,449,0.755502745,449,0.165158355,579,0.39584488,549,0.130759881,549,0.853700841,549,0.985413712,,,,,,,549,0.950297042,479,0.322668616
,,580,0.1212,560,0.995,600,0.6,450,0.746341362,450,0.143886028,580,0.381263583,550,0.127614999,550,0.852133851,550,0.986836171,,,,,,,550,0.950374714,480,0.326308281
,,581,0.1143,561,0.9926005,601,0.6,451,0.741113951,451,0.146725379,581,0.366568544,551,0.124195766,551,0.850497902,551,0.988186695,,,,,,,551,0.95044926,481,0.329993615
,,582,0.1078,562,0.9897426,602,0.61,452,0.735856003,452,0.145188696,582,0.351784182,552,0.120543381,552,0.848753475,552,0.989465108,,,,,,,552,0.950521406,482,0.333713899
,,583,0.1015,563,0.9864444,603,0.61,453,0.730567337,453,0.138310412,583,0.336943198,553,0.116699354,553,0.846853456,553,0.990671233,,,,,,,553,0.950591876,483,0.337459153
,,584,0.0956,564,0.9827241,604,0.62,454,0.725248316,454,0.13564162,584,0.322078723,554,0.112705501,554,0.844750397,554,0.991804896,,,,,,,554,0.950661407,484,0.341220091
,,585,0.0899,565,0.9786,605,0.62,455,0.719898758,455,0.132483663,585,0.307224116,555,0.108603947,555,0.842396513,555,0.992865923,,,,,,,555,0.950730734,485,0.344988072
,,586,0.0845,566,0.9740837,606,0.62,456,0.715319385,456,0.129965942,586,0.292412962,556,0.104437128,556,0.839743679,556,0.993854141,,,,,,,556,0.950800602,486,0.348755048
,,587,0.0793,567,0.9691712,607,0.63,457,0.710712987,457,0.130995816,587,0.277679075,557,0.100247786,557,0.836743435,557,0.994769382,,,,,,,557,0.95087176,487,0.352513516
,,588,0.0745,568,0.9638568,608,0.63,458,0.706079564,458,0.128312904,588,0.263056493,558,0.096078976,558,0.833346985,558,0.995611476,,,,,,,558,0.95094496,488,0.356256467
,,589,0.0699,569,0.9581349,609,0.64,459,0.701419117,459,0.12747842,589,0.248579483,559,0.091974058,559,0.829512309,559,0.996380255,,,,,,,559,0.951020963,489,0.359977338
,,590,0.0655,570,0.952,610,0.64,460,0.696731646,460,0.128744145,590,0.234282538,560,0.087976702,560,0.825254001,560,0.997075554,,,,,,,560,0.951100531,490,0.36366997
,,591,0.0613,571,0.9454504,611,0.64,461,0.692579411,461,0.120879259,591,0.220200379,561,0.084130721,561,0.820614082,561,0.997697208,,,,,,,561,0.951184433,491,0.367328562
,,592,0.0574,572,0.9384992,612,0.65,462,0.688402405,462,0.120162971,592,0.206367955,562,0.080468258,562,0.815635065,562,0.998245055,,,,,,,562,0.951273444,492,0.370947631
,,593,0.0537,573,0.9311628,613,0.65,463,0.684200999,463,0.118217195,593,0.192820441,563,0.077001835,563,0.810359774,563,0.998718933,,,,,,,563,0.951368343,493,0.374521979
,,594,0.0502,574,0.9234576,614,0.66,464,0.679975008,464,0.121010735,594,0.179593235,564,0.073742182,564,0.804831353,564,0.999118682,,,,,,,564,0.951469914,494,0.378046656
,,595,0.0469,575,0.9154,615,0.66,465,0.675724246,465,0.1173932,595,0.166721971,565,0.070700108,565,0.799093259,565,0.999444143,,,,,,,565,0.951578947,495,0.381516931
,,596,0.0438,576,0.9070064,616,0.66,466,0.67188097,466,0.123251707,596,0.154242502,566,0.067886483,566,0.793189266,566,0.99969516,,,,,,,566,0.951696237,496,0.384928264
,,597,0.0409,577,0.8982772,617,0.67,467,0.668014962,467,0.122346576,597,0.142190912,567,0.065312247,567,0.787163467,567,0.999871578,,,,,,,567,0.951822582,497,0.388276285
,,598,0.03816,578,0.8892048,618,0.67,468,0.664126223,468,0.123023484,598,0.13060351,568,0.062988407,568,0.781060272,568,0.999973242,,,,,,,568,0.951958789,498,0.391556771
,,599,0.03558,579,0.8797816,619,0.68,469,0.660214752,469,0.123203052,599,0.119516836,569,0.060926042,569,0.7749244,569,1,,,,,,,569,0.952105667,499,0.39476563
,,600,0.03315,580,0.87,620,0.68,470,0.656280361,470,0.127823525,600,0.108967651,570,0.059136297,570,0.768800894,570,0.999951702,,,,,,,570,0.952264031,500,0.397898884
,,601,0.03087,581,0.8598613,621,0.68,471,0.652507344,471,0.132281167,601,0.098984291,571,0.057630383,571,0.762735111,571,0.999828197,,,,,,,571,0.952434702,501,0.40095266
,,602,0.02874,582,0.849392,622,0.69,472,0.648712187,472,0.134359186,602,0.089560581,572,0.056419582,572,0.756771818,572,0.999629338,,,,,,,572,0.952618504,502,0.403923175
,,603,0.02674,583,0.838622,623,0.69,473,0.644895079,473,0.141138931,603,0.080681594,573,0.055515243,573,0.750938567,573,0.999354979,,,,,,,573,0.952816269,503,0.406806735
,,604,0.02487,584,0.8275813,624,0.7,474,0.641056019,474,0.149104993,604,0.072332289,574,0.054928786,574,0.745247179,574,0.999004974,,,,,,,574,0.953028831,504,0.409599723
,,605,0.02312,585,0.8163,625,0.7,475,0.637195007,475,0.150598582,605,0.064497508,575,0.054671694,575,0.739708984,575,0.99857918,,,,,,,575,0.953257033,505,0.412298598
,,606,0.02147,586,0.8047947,626,0.7,476,0.632058381,476,0.161100153,606,0.057161968,576,0.054755523,576,0.734335379,576,0.998077455,,,,,,,576,0.953501718,506,0.414899893
,,607,0.01994,587,0.793082,627,0.71,477,0.626894345,477,0.167537942,607,0.050310274,577,0.055191894,577,0.72913784,577,0.997499658,,,,,,,577,0.953763738,507,0.41740021
,,608,0.01851,588,0.781192,628,0.71,478,0.621703089,478,0.173295703,608,0.043926909,578,0.055992499,578,0.724127909,578,0.996845652,,,,,,,578,0.954043952,508,0.419796225
,,609,0.01718,589,0.7691547,629,0.72,479,0.616484613,479,0.18158196,609,0.037996236,579,0.057169096,579,0.719317205,579,0.996115298,,,,,,,579,0.954343217,509,0.422084685
,,610,0.01593,590,0.757,630,0.72,480,0.611238918,480,0.192005474,610,0.032502503,580,0.058733471,580,0.714717419,580,0.995308459,,,,,,,580,0.954662402,510,0.424262413
,,611,0.01477,591,0.7447541,631,0.73,481,0.606059914,481,0.206456058,611,0.027429838,581,0.060685723,581,0.710340312,581,0.994425004,,,,,,,581,0.955002377,511,0.426326308
,,612,0.01369,592,0.7324224,632,0.73,482,0.60085408,482,0.210444975,612,0.02276225,582,0.062997894,582,0.706197721,582,0.993464795,,,,,,,582,0.95536402,512,0.428273349
,,613,0.01269,593,0.7200036,633,0.73,483,0.595621418,483,0.223664098,613,0.018483629,583,0.065637738,583,0.702301557,583,0.992427706,,,,,,,583,0.955748212,513,0.4301006
,,614,0.01175,594,0.7074965,634,0.74,484,0.590361926,484,0.234463355,614,0.014577747,584,0.068572765,584,0.698663642,584,0.991313603,,,,,,,584,0.95615584,514,0.431805212
,,615,0.01088,595,0.6949,635,0.74,485,0.585075605,485,0.244820312,615,0.011028256,585,0.071770262,585,0.695286093,585,0.990122359,,,,,,,585,0.956587794,515,0.433384429
,,616,0.01007,596,0.6822192,636,0.75,486,0.580023102,486,0.261410644,616,0.007818694,586,0.075197273,586,0.692155647,586,0.988853848,,,,,,,586,0.957044975,516,0.434835593
,,617,0.00932,597,0.6694716,637,0.75,487,0.574945038,487,0.272477436,617,0.004932475,587,0.078820615,587,0.689257585,587,0.987507941,,,,,,,587,0.957528283,517,0.436156147
,,618,0.00862,598,0.6566744,638,0.75,488,0.569841218,488,0.293143036,618,0.002352895,588,0.082606867,588,0.686577078,588,0.986084519,,,,,,,588,0.958038625,518,0.437343644
,,619,0.00797,599,0.6438448,639,0.76,489,0.564711446,489,0.314053069,619,6.31345E-05,589,0.086522377,589,0.684099193,589,0.984583456,,,,,,,589,0.958576915,519,0.438395745
,,620,0.00737,600,0.631,640,0.76,490,0.559556114,490,0.324687164,620,-0.001953746,590,0.090533256,590,0.681808881,590,0.983004631,,,,,,,590,0.959144069,520,0.439310233
,,621,0.00682,601,0.6181555,641,0.77,491,0.554686287,491,0.338576339,621,-0.003714806,591,0.094605386,591,0.679690987,591,0.981347927,,,,,,,591,0.95974101,521,0.440085012
,,622,0.0063,602,0.6053144,642,0.77,492,0.549791972,492,0.353593005,622,-0.005237221,592,0.098704409,592,0.677730247,592,0.979613224,,,,,,,592,0.960368667,522,0.440718111
,,623,0.00582,603,0.5924756,643,0.77,493,0.544873169,493,0.374521512,623,-0.006538289,593,0.10279574,593,0.675911284,593,0.977800405,,,,,,,593,0.961027972,523,0.441207697
,,624,0.00538,604,0.5796379,644,0.78,494,0.539929878,494,0.399555625,624,-0.007635422,594,0.106844554,594,0.674218618,594,0.975909357,,,,,,,594,0.961719864,524,0.441552069
,,625,0.00497,605,0.5668,645,0.78,495,0.534962099,495,0.411139455,625,-0.008546155,595,0.110815796,595,0.672636654,595,0.973939964,,,,,,,595,0.962445284,525,0.441749674
,,626,0.00459,606,0.5539611,646,0.79,496,0.530453831,496,0.432393161,626,-0.009288137,596,0.114674179,596,0.671149688,596,0.971892116,,,,,,,596,0.963205183,526,0.441799101
,,627,0.00424,607,0.5411372,647,0.79,497,0.525923026,497,0.447977969,627,-0.00987914,597,0.118384176,597,0.66974191,597,0.969765702,,,,,,,597,0.964000514,527,0.441699093
,,628,0.003913,608,0.5283528,648,0.79,498,0.521369485,498,0.462894293,628,-0.010337052,598,0.12191003,598,0.668397396,598,0.967560614,,,,,,,598,0.964832234,528,0.441448548
,,629,0.003613,609,0.5156323,649,0.8,499,0.516793608,499,0.483608522,629,-0.01067988,599,0.125215751,599,0.667100117,599,0.965276742,,,,,,,599,0.965701308,529,0.441046522
,,630,0.003335,610,0.503,650,0.8,500,0.512194993,500,0.511198486,630,-0.01092569,600,0.128265113,600,0.665833931,600,0.962913981,,,,,,,600,0.966608704,530,0.440492236
,,631,0.003079,611,0.4904688,651,0.8,501,0.509089182,501,0.519552116,631,-0.011087269,601,0.131028851,601,0.664583617,601,0.960472227,,,,,,,601,0.967554718,531,0.439785076
,,632,0.002842,612,0.4780304,652,0.81,502,0.505967084,502,0.528047402,632,-0.011167791,602,0.133506317,602,0.663337976,602,0.957951376,,,,,,,602,0.968536921,532,0.438924599
,,633,0.002623,613,0.4656776,653,0.81,503,0.502828297,503,0.541155072,633,-0.011169449,603,0.135704087,603,0.662086767,603,0.955351328,,,,,,,603,0.969552189,533,0.437910531
,,634,0.002421,614,0.4534032,654,0.81,504,0.499673022,504,0.552891919,634,-0.011094445,604,0.137628792,604,0.660819679,604,0.952671981,,,,,,,604,0.970597371,534,0.436742778
,,635,0.002235,615,0.4412,655,0.82,505,0.496501259,505,0.574462285,635,-0.010945004,605,0.139287111,605,0.659526331,605,0.949913239,,,,,,,605,0.971669298,535,0.435421419
,,636,0.002062,616,0.42908,656,0.82,506,0.493806562,506,0.587333283,636,-0.010723365,606,0.140685781,606,0.658196281,606,0.947073671,,,,,,,606,0.972764778,536,0.433946714
,,637,0.001903,617,0.417036,657,0.82,507,0.491097532,507,0.605248137,637,-0.010431781,607,0.14183159,607,0.656819011,607,0.944140954,,,,,,,607,0.973880594,537,0.432319104
,,638,0.001757,618,0.405032,658,0.82,508,0.488373761,508,0.615579323,638,-0.010072525,608,0.142731381,608,0.655383937,608,0.941097354,,,,,,,608,0.975013513,538,0.430539209
,,639,0.001621,619,0.393032,659,0.83,509,0.485635658,509,0.651245929,639,-0.009647885,609,0.143392048,609,0.653880406,609,0.937924989,,,,,,,609,0.976160275,539,0.428607835
,,640,0.001497,620,0.381,660,0.83,510,0.482882813,510,0.657383452,640,-0.009160164,610,0.143820541,610,0.652297701,610,0.934605861,,,,,,,610,0.977317599,540,0.426525969
,,641,0.001382,621,0.3689184,661,0.83,511,0.480439576,511,0.662066478,641,-0.008611681,611,0.144023862,611,0.650625031,611,0.931121859,,,,,,,611,0.978482184,541,0.42429478
,,642,0.001276,622,0.3568272,662,0.83,512,0.477983276,512,0.6710209,642,-0.008004775,612,0.144009067,612,0.648851539,612,0.927454759,,,,,,,612,0.979650704,542,0.421915623
,,643,0.001178,623,0.3447768,663,0.83,513,0.475513502,513,0.685587889,643,-0.007341797,613,0.143783264,613,0.646966299,613,0.923586218,,,,,,,613,0.980819813,543,0.419390031
,,644,0.001088,624,0.3328176,664,0.83,514,0.47303046,514,0.700317035,644,-0.006625117,614,0.143353615,614,0.64495832,614,0.919497783,,,,,,,614,0.981986144,544,0.416719721
,,645,0.001005,625,0.321,665,0.83,515,0.47053415,515,0.720407535,645,-0.005857121,615,0.142727337,615,0.642816535,615,0.915170886,,,,,,,615,0.983146304,545,0.413906589
,,646,0.000928,626,0.3093381,666,0.83,516,0.468301515,516,0.733399729,646,-0.005040208,616,0.141911698,616,0.640529818,616,0.910586841,,,,,,,616,0.984296882,546,0.410952706
,,647,0.000857,627,0.2978504,667,0.83,517,0.466056477,517,0.744496131,647,-0.004176798,617,0.140914021,617,0.638086968,617,0.905726854,,,,,,,617,0.985434443,547,0.40786032
,,648,0.000792,628,0.2865936,668,0.83,518,0.463799451,518,0.751742545,648,-0.003269326,618,0.139741681,618,0.635476719,618,0.900572011,,,,,,,618,0.986555531,548,0.404631852
,,649,0.000732,629,0.2756245,669,0.82,519,0.461530231,519,0.758591519,649,-0.002320239,619,0.138402108,619,0.632687767,619,0.895103286,,,,,,,619,0.987656668,549,0.401269892
,,650,0.000677,630,0.265,670,0.82,520,0.459248815,520,0.783038505,650,-0.001332006,620,0.136902782,620,0.629714405,620,0.889301538,,,,,,,620,0.988734352,550,0.397777194
,,651,0.000626,631,0.2547632,671,0.82,521,0.457056716,521,0.775951524,651,-0.000306781,621,0.135251241,621,0.626563076,621,0.883147514,,,,,,,621,0.989785061,551,0.394156678
,,652,0.000579,632,0.2448896,672,0.82,522,0.454853022,522,0.787530527,652,0.000754589,622,0.133455075,622,0.623241851,622,0.876621842,,,,,,,622,0.990805251,552,0.390411417
,,653,0.000536,633,0.2353344,673,0.81,523,0.452637313,523,0.817235069,653,0.001851584,623,0.131521806,623,0.619758849,623,0.869705041,,,,,,,623,0.991791355,553,0.386544641
,,654,0.000496,634,0.2260528,674,0.81,524,0.450410009,524,0.818430069,654,0.002983676,624,0.12945803,624,0.616122253,624,0.862377513,,,,,,,624,0.992739784,554,0.382559727
,,655,0.000459,635,0.217,675,0.8,525,0.44817069,525,0.852762173,655,0.004150333,625,0.127269913,625,0.612340305,625,0.854619544,,,,,,,625,0.993646928,555,0.378460195
,,656,0.000425,636,0.2081616,676,0.79,526,0.445278238,526,0.843481525,656,0.005351021,626,0.124963654,626,0.608421295,626,0.846411308,,,,,,,626,0.994509156,556,0.374249702
,,657,0.0003935,637,0.1995488,677,0.79,527,0.442371543,527,0.864057572,657,0.0065852,627,0.122545498,627,0.604373577,627,0.837732866,,,,,,,627,0.99532281,557,0.369932038
,,658,0.0003645,638,0.1911552,678,0.78,528,0.439450604,528,0.872789863,658,0.00785233,628,0.120021737,628,0.600205562,628,0.828564159,,,,,,,628,0.996084215,558,0.365511115
,,659,0.0003377,639,0.1829744,679,0.77,529,0.436515209,529,0.884494123,659,0.00915186,629,0.117398701,629,0.595925716,629,0.81888502,,,,,,,629,0.996789674,559,0.360990968
,,660,0.0003129,640,0.175,680,0.76,530,0.433565782,530,0.896078171,660,0.010483241,630,0.114682768,630,0.59154256,630,0.808675165,,,,,,,630,0.997435463,560,0.356375739
,,661,0.0002901,641,0.1672235,681,0.75,531,0.430627923,531,0.915284394,661,0.011845916,631,0.111880351,631,0.587064676,631,0.797914195,,,,,,,631,0.998017844,561,0.351669679
,,662,0.0002689,642,0.1596464,682,0.74,532,0.427676131,532,0.917500404,662,0.013239326,632,0.108997917,632,0.582500703,632,0.786581598,,,,,,,632,0.998533047,562,0.346877132
,,663,0.0002493,643,0.1522776,683,0.73,533,0.424709979,533,0.93871581,663,0.014662907,633,0.106041968,633,0.577859333,633,0.774656745,,,,,,,633,0.99897729,563,0.342002536
,,664,0.0002313,644,0.1451259,684,0.72,534,0.421729681,534,0.94914874,664,0.016116091,634,0.103019055,634,0.573149317,634,0.762118897,,,,,,,634,0.999346761,564,0.337050408
,,665,0.0002146,645,0.1382,685,0.71,535,0.418735236,535,0.974043536,665,0.017598307,635,0.099935765,635,0.568379501,635,0.748947215,,,,,,,635,0.999637632,565,0.33202534
,,666,0.0001991,646,0.1315003,686,0.7,536,0.41580524,536,0.990736547,666,0.019108978,636,0.096798736,636,0.563564465,636,0.735137829,,,,,,,636,0.999846049,566,0.32693199
,,667,0.0001848,647,0.1250248,687,0.69,537,0.41286139,537,0.979167618,667,0.020647524,637,0.093614646,637,0.558730658,637,0.72073656,,,,,,,637,0.999968137,567,0.321775073
,,668,0.0001716,648,0.1187792,688,0.67,538,0.40990347,538,0.984154861,668,0.022213358,638,0.090390212,638,0.553906156,638,0.705798511,,,,,,,638,1,568,0.316559354
,,669,0.0001593,649,0.1127691,689,0.66,539,0.406931913,539,0.999716918,669,0.023805896,639,0.087132204,639,0.549119216,639,0.690379145,,,,,,,639,0.999937718,569,0.311289637
,,670,0.000148,650,0.107,690,0.65,540,0.403946286,540,1,670,0.02542454,640,0.083847425,640,0.544398265,640,0.674534289,,,,,,,640,0.999777353,570,0.305970762
,,671,0.0001375,651,0.1014762,691,0.63,541,0.401078945,541,0.99540814,671,0.027068699,641,0.080542728,641,0.539771913,641,0.658320132,,,,,,,641,0.99951494,571,0.300607588
,,672,0.0001277,652,0.09618864,692,0.62,542,0.398198021,542,0.978949061,672,0.028737768,642,0.079524202,642,0.535268939,642,0.641793223,,,,,,,642,0.999146495,572,0.295204993
,,673,0.0001187,653,0.09112296,693,0.6,543,0.395303948,543,0.96246298,673,0.030431142,643,0.079648072,643,0.530918304,643,0.625010474,,,,,,,643,0.998668012,573,0.289767858
,,674,0.0001104,654,0.08626485,694,0.59,544,0.392396511,544,0.946331745,674,0.032148212,644,0.079771941,644,0.526749141,644,0.608029156,,,,,,,644,0.99807546,574,0.284301064
,,675,0.0001026,655,0.0816,695,0.58,545,0.389475488,545,0.937057172,675,0.033888368,645,0.079895811,645,0.522790763,645,0.590906904,,,,,,,645,0.997364791,575,0.278809481
,,676,0.0000954,656,0.07712064,696,0.56,546,0.386727762,546,0.92504471,676,0.035650988,646,0.08001968,646,0.519072655,646,0.573701714,,,,,,,646,0.996531931,576,0.273297958
,,677,0.0000888,657,0.07282552,697,0.55,547,0.383967353,547,0.881051053,677,0.037435453,647,0.08014355,647,0.51562448,647,0.556471944,,,,,,,647,0.995572784,577,0.267771317
,,678,0.0000826,658,0.06871008,698,0.53,548,0.381194041,548,0.85550645,678,0.039241136,648,0.080267419,648,0.512476076,648,0.539276311,,,,,,,648,0.994483235,578,0.262234347
,,679,0.0000769,659,0.06476976,699,0.52,549,0.378408266,549,0.835352876,679,0.041067406,649,0.080391289,649,0.509657461,649,0.522173898,,,,,,,649,0.993259146,579,0.256691789
,,680,0.0000715,660,0.061,700,0.5,550,0.375609809,550,0.814628467,680,0.042913633,650,0.080515158,650,0.507198823,650,0.505224145,,,,,,,650,0.991896354,580,0.251148333
,,681,0.0000666,661,0.05739621,701,0.48,551,0.373336116,551,0.787915804,681,0.044779175,651,0.080639028,651,0.505122507,651,0.488486857,,,,,,,651,0.990390678,581,0.245608611
,,682,0.000062,662,0.05395504,702,0.47,552,0.371051691,552,0.761416357,682,0.04666339,652,0.080762897,652,0.503418849,652,0.472022198,,,,,,,652,0.988737911,582,0.240077185
,,683,0.0000578,663,0.05067376,703,0.45,553,0.368756534,553,0.737154058,683,0.048565634,653,0.080886767,653,0.502070066,653,0.455890695,,,,,,,653,0.986933828,583,0.234558543
,,684,0.0000538,664,0.04754965,704,0.43,554,0.366450645,554,0.708398333,684,0.050485256,654,0.081010636,654,0.501058254,654,0.440153236,,,,,,,654,0.98497418,584,0.229057093
,,685,0.0000501,665,0.04458,705,0.42,555,0.364134024,555,0.692262853,685,0.052421599,655,0.081134506,655,0.500365393,655,0.424871073,,,,,,,655,0.982854696,585,0.223577151
,,686,0.0000467,666,0.04175872,706,0.4,556,0.361996753,556,0.648157707,686,0.054374006,656,0.081258375,656,0.49997334,656,0.4101057,,,,,,,656,0.980571084,586,0.21812294
,,687,0.0000436,667,0.03908496,707,0.39,557,0.35984921,557,0.629297565,687,0.056341815,657,0.081382244,657,0.499863835,657,0.395895548,,,,,,,657,0.978119027,587,0.212698581
,,688,0.0000406,668,0.03656384,708,0.37,558,0.357691618,558,0.608600694,688,0.058324355,658,0.081506114,658,0.500018495,658,0.382227231,,,,,,,658,0.97549419,588,0.207308085
,,689,0.00003789,669,0.03420048,709,0.36,559,0.355523977,559,0.583693895,689,0.060320959,659,0.081629983,659,0.500418821,659,0.36908027,,,,,,,659,0.972692213,589,0.201955354
,,690,0.00003533,670,0.032,710,0.34,560,0.353346287,560,0.563028756,690,0.06233095,660,0.081753853,660,0.501046191,660,0.356434043,,,,,,,660,0.969708716,590,0.196644167
,,691,0.00003295,671,0.02996261,711,0.32,561,0.351295349,561,0.541376739,691,0.064353648,661,0.081877722,661,0.501881865,661,0.344267788,,,,,,,661,0.966539297,591,0.191378182
,,692,0.00003075,672,0.02807664,712,0.31,562,0.349235075,562,0.522547126,692,0.06638837,662,0.082001592,662,0.502906984,662,0.332560605,,,,,,,662,0.963179528,592,0.186160927
,,693,0.0000287,673,0.02632936,713,0.29,563,0.347165015,563,0.50059671,693,0.068434429,663,0.082125461,663,0.504102567,663,0.321291449,,,,,,,663,0.959624966,593,0.1809958
,,694,0.00002679,674,0.02470805,714,0.28,564,0.345085393,564,0.470090495,694,0.070491134,664,0.082249331,664,0.505449516,664,0.310439138,,,,,,,664,0.95587114,594,0.175886061
,,695,0.00002501,675,0.0232,715,0.26,565,0.34299621,565,0.458653908,695,0.072557785,665,0.0823732,665,0.506928614,665,0.299982347,,,,,,,665,0.951913558,595,0.170834829
,,696,0.00002336,676,0.02180077,716,0.24,566,0.34098046,566,0.432043573,696,0.074633685,666,0.08249707,666,0.508520519,666,0.289899612,,,,,,,666,0.947747708,596,0.165845081
,,697,0.00002182,677,0.02050112,717,0.23,567,0.338955441,567,0.412271683,697,0.076718129,667,0.082620939,667,0.510205775,667,0.280169329,,,,,,,667,0.943369058,597,0.160919649
,,698,0.00002038,678,0.01928108,718,0.21,568,0.336920927,568,0.399267265,698,0.07881041,668,0.082744809,668,0.51197088,668,0.270769751,,,,,,,668,0.938773046,598,0.156061217
,,699,0.00001905,679,0.01812069,719,0.2,569,0.334877372,569,0.37744064,699,0.080909813,669,0.082868678,669,0.513822613,669,0.261678993,,,,,,,669,0.933955096,599,0.151272316
,,700,0.0000178,680,0.017,720,0.18,570,0.33282432,570,0.364316444,700,0.083015622,670,0.082992548,670,0.515772057,670,0.252875028,,,,,,,670,0.928910608,600,0.14655533
,,701,0.00001664,681,0.01590379,721,0.16,571,0.330789986,571,0.346162412,701,0.083134216,671,0.083116417,671,0.517830363,671,0.244335688,,,,,,,671,0.923634957,601,0.141912486
,,702,0.00001556,682,0.01483718,722,0.15,572,0.32874648,572,0.32966372,702,0.08325281,672,0.083240287,672,0.520008741,672,0.236038667,,,,,,,672,0.918123499,602,0.13734586
,,703,0.00001454,683,0.01381068,723,0.13,573,0.326693803,573,0.312996604,703,0.083371404,673,0.083364156,673,0.522318467,673,0.227961513,,,,,,,673,0.912371566,603,0.132857373
,,704,0.0000136,684,0.01283478,724,0.12,574,0.324631956,574,0.297006096,704,0.083489997,674,0.083488026,674,0.524770883,674,0.220081642,,,,,,,674,0.90637447,604,0.128448791
,,705,0.00001273,685,0.01192,725,0.1,575,0.322560939,575,0.280807778,705,0.083608591,675,0.083611895,675,0.527377392,675,0.212376321,,,,,,,675,0.9001275,605,0.124121729
,,706,0.00001191,686,0.01106831,,,576,0.320031146,576,0.26746234,706,0.083727185,676,0.083735764,676,0.530149459,676,0.204822682,,,,,,,676,0.893625923,606,0.119877646
,,707,0.00001114,687,0.01027339,,,577,0.317490622,577,0.251489528,707,0.083845779,677,0.083859634,677,0.53309862,677,0.197397713,,,,,,,677,0.886864984,607,0.11571785
,,708,0.00001043,688,0.009533311,,,578,0.314939597,578,0.238819126,708,0.083964372,678,0.083983503,678,0.536236469,678,0.190078262,,,,,,,678,0.879839904,608,0.1116435
,,709,0.00000976,689,0.008846157,,,579,0.31237761,579,0.223359537,709,0.084082966,679,0.084107373,679,0.539574664,679,0.182841041,,,,,,,679,0.872545888,609,0.107655603
,,710,0.00000914,690,0.00821,,,580,0.30980489,580,0.2123978,710,0.08420156,680,0.084231242,680,0.543123495,680,0.175662615,,,,,,,680,0.864978111,610,0.103755022
,,711,0.00000856,691,0.007623781,,,581,0.307306398,581,0.202072471,711,0.084320154,681,0.084355112,681,0.546860626,681,0.168519411,,,,,,,681,0.857131733,611,0.099942474
,,712,0.00000802,692,0.007085424,,,582,0.304797701,582,0.190726994,712,0.084438747,682,0.084478981,682,0.550731083,682,0.161387717,,,,,,,682,0.849001887,612,0.096218533
,,713,0.00000751,693,0.006591476,,,583,0.302278331,583,0.179444015,713,0.084557341,683,0.084602851,683,0.554678173,683,0.154243678,,,,,,,683,0.840583687,613,0.092583636
,,714,0.00000704,694,0.006138485,,,584,0.299748756,584,0.166866881,714,0.084675935,684,0.08472672,684,0.55864486,684,0.147063448,,,,,,,684,0.831872223,614,0.089038083
,,715,0.0000066,695,0.005723,,,585,0.297208508,585,0.157115684,715,0.084794529,685,0.08485059,685,0.562573782,685,0.139832413,,,,,,,685,0.822862564,615,0.085582041
,,716,0.00000618,696,0.005343059,,,586,0.294800952,586,0.150121176,716,0.084913122,686,0.084974459,686,0.566407233,686,0.132550725,,,,,,,686,0.813549759,616,0.082215547
,,717,0.0000058,697,0.004995796,,,587,0.292383209,587,0.141132315,717,0.085031716,687,0.085098329,687,0.570087179,687,0.12521985,,,,,,,687,0.803928829,617,0.078938517
,,718,0.00000544,698,0.004676404,,,588,0.289955751,588,0.133398565,718,0.08515031,688,0.085222198,688,0.57354883,688,0.117841264,,,,,,,688,0.793994781,618,0.075750741
,,719,0.0000051,699,0.004380075,,,589,0.287518105,589,0.124871973,719,0.085268904,689,0.085346068,689,0.576651815,689,0.110416454,,,,,,,689,0.783742594,619,0.072651894
,,720,0.00000478,700,0.004102,,,590,0.285070745,590,0.11563582,720,0.085387497,690,0.085469937,690,0.579206083,690,0.102946912,,,,,,,690,0.773167226,620,0.069641539
,,721,0.00000449,701,0.003838453,,,591,0.282815006,591,0.108769629,721,0.085506091,691,0.085593807,691,0.581019669,691,0.095434145,,,,,,,691,0.762263616,621,0.066719131
,,722,0.00000421,702,0.003589099,,,592,0.280550235,592,0.102423839,722,0.085624685,692,0.085717676,692,0.581899507,692,0.087879665,,,,,,,692,0.751026675,622,0.063884019
,,723,0.000003951,703,0.003354219,,,593,0.278275959,593,0.095808162,723,0.085743279,693,0.085841546,693,0.581657458,693,0.080284993,,,,,,,693,0.739451301,623,0.061135457
,,724,0.000003709,704,0.003134093,,,594,0.275992653,594,0.090364711,724,0.085861872,694,0.085965415,694,0.580126498,694,0.072651663,,,,,,,694,0.727532362,624,0.058472601
,,725,0.000003482,705,0.002929,,,595,0.273700079,595,0.082964859,725,0.085980466,695,0.086089285,695,0.577143772,695,0.064981214,,,,,,,695,0.715264707,625,0.055894521
,,726,0.00000327,706,0.002738139,,,596,0.271659696,596,0.077984885,726,0.08609906,696,0.086213154,696,0.572545523,696,0.0572752,,,,,,,696,0.702643164,626,0.053400202
,,727,0.00000307,707,0.002559876,,,597,0.269610922,597,0.072313461,727,0.086217654,697,0.086337023,697,0.566167081,697,0.049535177,,,,,,,697,0.689662537,627,0.050988548
,,728,0.000002884,708,0.002393244,,,598,0.267553998,598,0.067615125,728,0.086336247,698,0.086460893,698,0.557842878,698,0.041762716,,,,,,,698,0.676317607,628,0.048658391
,,729,0.00000271,709,0.002237275,,,599,0.265488444,599,0.06267537,729,0.086454841,699,0.086584762,699,0.547406438,699,0.033959395,,,,,,,699,0.662603138,629,0.046408494
,,730,0.000002546,710,0.002091,,,600,0.263414499,600,0.057193327,730,0.086573435,700,0.086708632,700,0.534690375,700,0.026126801,,,,,,,700,0.648513867,630,0.044237553
,,731,0.000002393,711,0.001953587,,,601,0.2622704,601,0,731,0.086692029,701,0.086832501,701,0.519596197,701,0.018266531,,,,,,,701,0.634047402,631,0.042144208
,,732,0.00000225,712,0.00182458,,,602,0.261121033,602,0,732,0.086810622,702,0.086956371,702,0.502304453,702,0.010380191,,,,,,,702,0.619212921,632,0.040127044
,,733,0.000002115,713,0.00170358,,,603,0.259966398,603,0,733,0.086929216,703,0.08708024,703,0.483066772,703,0.002469395,,,,,,,703,0.604022563,633,0.038184594
,,734,0.000001989,714,0.001590187,,,604,0.258806494,604,0,734,0.08704781,704,0.08720411,704,0.462136265,704,0,,,,,,,704,0.588488543,634,0.036315349
,,735,0.00000187,715,0.001484,,,605,0.257641565,605,0,735,0.087166404,705,0.087327979,705,0.439767525,705,0,,,,,,,705,0.572623154,635,0.034517761
,,736,0.000001759,716,0.001384496,,,606,0.256736971,606,0,736,0.087284997,706,0.087451849,706,0.416216636,706,0,,,,,,,706,0.556438764,636,0.032790244
,,737,0.000001655,717,0.001291268,,,607,0.25582823,607,0,737,0.087403591,707,0.087575718,707,0.391741158,707,0,,,,,,,707,0.539947821,637,0.031131182
,,738,0.000001557,718,0.001204092,,,608,0.254915099,608,0,738,0.087522185,708,0.087699588,708,0.366600138,708,0,,,,,,,708,0.523162845,638,0.029538935
,,739,0.000001466,719,0.001122744,,,609,0.253997578,609,0,739,0.087640778,709,0.087823457,709,0.34105411,709,0,,,,,,,709,0.50609644,639,0.028011839
,,740,0.000001379,720,0.001047,,,610,0.253075666,610,0,740,0.087759372,710,0.087947327,710,0.315364632,710,0,,,,,,,710,0.488761279,640,0.026548213
,,741,0.000001299,721,0.00097659,,,611,0.252358004,611,0,741,0.087877966,711,0.088071196,711,0.289750714,711,0,,,,,,,711,0.471170118,641,0.025146363
,,742,0.000001223,722,0.000911109,,,612,0.251636388,612,0,742,0.08799656,712,0.088195066,712,0.264352468,712,0,,,,,,,712,0.453335786,642,0.023804585
,,743,0.000001151,723,0.000850133,,,613,0.250911311,613,0,743,0.088115153,713,0.088318935,713,0.2393023,713,0,,,,,,,713,0.435271193,643,0.022521167
,,744,0.000001084,724,0.000793238,,,614,0.250182526,614,0,744,0.088233747,714,0.088442805,714,0.214733345,714,0,,,,,,,714,0.416989324,644,0.021294399
,,745,0.000001022,725,0.00074,,,615,0.249450035,615,0,745,0.088352341,715,0.088566674,715,0.190779478,715,0,,,,,,,715,0.398503238,645,0.02012257
,,746,9.62E-07,726,0.000690083,,,616,0.248864048,616,0,746,0.088470935,716,0.088690543,716,0.167575308,716,0,,,,,,,716,0.379826075,646,0.019003971
,,747,9.07E-07,727,0.00064331,,,617,0.248274841,617,0,747,0.088589528,717,0.088814413,717,0.145256184,717,0,,,,,,,717,0.36097105,647,0.017936906
,,748,8.55E-07,728,0.000599496,,,618,0.247682416,618,0,748,0.088708122,718,0.088938282,718,0.123958186,718,0,,,,,,,718,0.341951458,648,0.016919686
,,749,8.06E-07,729,0.000558455,,,619,0.24708677,619,0,749,0.088826716,719,0.089062152,719,0.103818131,719,0,,,,,,,719,0.322780665,649,0.015950637
,,750,7.60E-07,730,0.00052,,,620,0.246487906,620,0,750,0.08894531,720,0.089186021,720,0.084967443,720,0,,,,,,,720,0.303472119,650,0.0150281
,,751,7.16E-07,731,0.000483914,,,621,0.24597663,621,0,751,0.089063903,721,0.089309891,721,0.067374179,721,0,,,,,,,721,0.284039343,651,0.014150435
,,752,6.75E-07,732,0.000450053,,,622,0.245462428,622,0,752,0.089182497,722,0.08943376,722,0.050828066,722,0,,,,,,,722,0.264495937,652,0.013316023
,,753,6.37E-07,733,0.000418345,,,623,0.244945298,623,0,753,0.089301091,723,0.08955763,723,0.035108703,723,0,,,,,,,723,0.24485558,653,0.01252327
,,754,6.01E-07,734,0.000388718,,,624,0.244425242,624,0,754,0.089419685,724,0.089681499,724,0.019994446,724,0,,,,,,,724,0.225132025,654,0.011770604
,,755,5.67E-07,735,0.0003611,,,625,0.243902509,625,0,755,0.089538278,725,0.089805369,725,0.005262404,725,0,,,,,,,725,0.205339101,655,0.011056481
,,756,5.35E-07,736,0.000335384,,,626,0.243254378,626,0,756,0.089656872,726,0.089929238,,,726,0,,,,,,,,,656,0.010379387
,,757,5.05E-07,737,0.00031144,,,627,0.242603182,627,0,757,0.089775466,727,0.090053108,,,727,0,,,,,,,,,657,0.009737835
,,758,4.77E-07,738,0.000289166,,,628,0.241948416,628,0,758,0.08989406,728,0.090176977,,,728,0,,,,,,,,,658,0.009130373
,,759,4.50E-07,739,0.000268454,,,629,0.241290586,629,0,759,0.090012653,729,0.090300847,,,729,0,,,,,,,,,659,0.008555579
,,760,4.25E-07,740,0.0002492,,,630,0.240629185,630,0,760,0.090131247,730,0.090424716,,,730,0,,,,,,,,,660,0.008012064
,,761,4.01E-07,741,0.000231302,,,631,0.239933795,631,0,761,0.090249841,731,0.090548586,,,731,0,,,,,,,,,661,0.007498476
,,762,3.79E-07,742,0.000214686,,,632,0.23923499,632,0,762,0.090368435,732,0.090672455,,,732,0,,,,,,,,,662,0.007013497
,,763,3.58E-07,743,0.000199288,,,633,0.238533025,633,0,763,0.090487028,733,0.090796325,,,733,0,,,,,,,,,663,0.006555844
,,764,3.38E-07,744,0.000185048,,,634,0.237827391,634,0,764,0.090605622,734,0.090920194,,,734,0,,,,,,,,,664,0.006124272
,,765,3.20E-07,745,0.0001719,,,635,0.237118342,635,0,765,0.090724216,735,0.091044063,,,735,0,,,,,,,,,665,0.005717571
,,766,3.02E-07,746,0.000159778,,,636,0.236312877,636,0,766,0.09084281,736,0.091167933,,,736,0,,,,,,,,,666,0.005334569
,,767,2.86E-07,747,0.000148604,,,637,0.235503448,637,0,767,0.090961403,737,0.091291802,,,737,0,,,,,,,,,667,0.004974131
,,768,2.70E-07,748,0.000138302,,,638,0.234690568,638,0,768,0.091079997,738,0.091415672,,,738,0,,,,,,,,,668,0.004635159
,,769,2.55E-07,749,0.000128793,,,639,0.23387398,639,0,769,0.091198591,739,0.091539541,,,739,0,,,,,,,,,669,0.004316593
,,770,2.41E-07,750,0.00012,,,640,0.233053685,640,0,770,0.091317185,740,0.091663411,,,740,0,,,,,,,,,670,0.004017408
,,771,2.28E-07,751,0.00011186,,,641,0.232073375,641,0,771,0.091435778,741,0.09178728,,,741,0,,,,,,,,,671,0.003736618
,,772,2.16E-07,752,0.000104322,,,642,0.231088612,642,0,772,0.091554372,742,0.09191115,,,742,0,,,,,,,,,672,0.003473272
,,773,2.04E-07,753,9.73356E-05,,,643,0.230099912,643,0,773,0.091672966,743,0.092035019,,,743,0,,,,,,,,,673,0.003226456
,,774,1.93E-07,754,9.08459E-05,,,644,0.229107017,644,0,774,0.09179156,744,0.092158889,,,744,0,,,,,,,,,674,0.00299529
,,775,1.83E-07,755,0.0000848,,,645,0.228109668,645,0,775,0.091910153,745,0.092282758,,,745,0,,,,,,,,,675,0.002778931
,,776,1.73E-07,756,7.91467E-05,,,646,0.226887792,646,0,776,0.092028747,746,0.092406628,,,746,0,,,,,,,,,676,0.002576569
,,777,1.64E-07,757,0.000073858,,,647,0.225661039,647,0,777,0.092147341,747,0.092530497,,,747,0,,,,,,,,,677,0.002387429
,,778,1.55E-07,758,0.000068916,,,648,0.224429148,648,0,778,0.092265935,748,0.092654367,,,748,0,,,,,,,,,678,0.002210769
,,779,1.47E-07,759,6.43027E-05,,,649,0.223192638,649,0,779,0.092384528,749,0.092778236,,,749,0,,,,,,,,,679,0.002045879
,,780,1.39E-07,760,0.00006,,,650,0.221951251,650,0,780,0.092503122,750,0.092902106,,,750,0,,,,,,,,,680,0.00189208
,,,,761,5.59819E-05,,,651,0.219942636,651,0,781,0.092621716,751,0.093025975,,,751,0,,,,,,,,,681,0.001748726
,,,,762,5.22256E-05,,,652,0.217927062,652,0,782,0.09274031,752,0.093149845,,,752,0,,,,,,,,,682,0.001615199
,,,,763,4.87184E-05,,,653,0.215904007,653,0,783,0.092858903,753,0.093273714,,,753,0,,,,,,,,,683,0.001490911
,,,,764,4.54475E-05,,,654,0.213873996,654,0,784,0.092977497,754,0.093397583,,,754,0,,,,,,,,,684,0.001375304
,,,,765,0.0000424,,,655,0.211836501,655,0,785,0.093096091,755,0.093521453,,,755,0,,,,,,,,,685,0.001267845
,,,,766,0.000039561,,,656,0.209632085,656,0,786,0.093214685,756,0.093645322,,,756,0,,,,,,,,,686,0.00116803
,,,,767,3.69151E-05,,,657,0.207419698,657,0,787,0.093333278,757,0.093769192,,,757,0,,,,,,,,,687,0.001075378
,,,,768,3.44487E-05,,,658,0.205199603,658,0,788,0.093451872,758,0.093893061,,,758,0,,,,,,,,,688,0.000989436
,,,,769,3.21482E-05,,,659,0.202972065,659,0,789,0.093570466,759,0.094016931,,,759,0,,,,,,,,,689,0.000909772
,,,,770,0.00003,,,660,0.200736556,660,0,790,0.09368906,760,0.0941408,,,760,0,,,,,,,,,690,0.000835979
,,,,771,2.79913E-05,,,661,0.19839668,661,0,791,0.093807653,761,0.09426467,,,761,0,,,,,,,,,691,0.000767673
,,,,772,2.61136E-05,,,662,0.196048805,662,0,792,0.093926247,762,0.094388539,,,762,0,,,,,,,,,692,0.000704489
,,,,773,2.43602E-05,,,663,0.19369293,663,0,793,0.094044841,763,0.094512409,,,763,0,,,,,,,,,693,0.000646084
,,,,774,2.27246E-05,,,664,0.191329054,664,0,794,0.094163435,764,0.094636278,,,764,0,,,,,,,,,694,0.000592134
,,,,775,0.0000212,,,665,0.188957179,665,0,795,0.094282028,765,0.094760148,,,765,0,,,,,,,,,695,0.000542334
,,,,776,1.97786E-05,,,666,0.186544929,666,0,796,0.094400622,766,0.094884017,,,766,0,,,,,,,,,696,0.000496397
,,,,777,1.84529E-05,,,667,0.184124583,667,0,797,0.094519216,767,0.095007887,,,767,0,,,,,,,,,697,0.000454053
,,,,778,1.72169E-05,,,668,0.18169587,668,0,798,0.09463781,768,0.095131756,,,768,0,,,,,,,,,698,0.000415048
,,,,779,1.60646E-05,,,669,0.179259328,669,0,799,0.094756403,769,0.095255626,,,769,0,,,,,,,,,699,0.000379144
,,,,780,0.00001499,,,670,0.176814689,670,0,800,0.094874997,770,0.095379495,,,770,0,,,,,,,,,700,0.000346117
,,,,781,1.39873E-05,,,671,0.17439457,671,0,,,771,0.095503365,,,771,0,,,,,,,,,701,0.000315759
,,,,782,1.30516E-05,,,672,0.171966451,672,0,,,772,0.095627234,,,772,0,,,,,,,,,702,0.000287873
,,,,783,1.21782E-05,,,673,0.169530331,673,0,,,773,0.095751103,,,773,0,,,,,,,,,703,0.000262275
,,,,784,1.13625E-05,,,674,0.167086212,674,0,,,774,0.095874973,,,774,0,,,,,,,,,704,0.000238796
,,,,785,0.0000106,,,675,0.164634092,675,0,,,775,0.095998842,,,775,0,,,,,,,,,705,0.000217274
,,,,786,9.88588E-06,,,676,0.162734493,676,0,,,776,0.096122712,,,776,0,,,,,,,,,706,0.00019756
,,,,787,9.2173E-06,,,677,0.160828824,677,0,,,777,0.096246581,,,777,0,,,,,,,,,707,0.000179515
,,,,788,8.59236E-06,,,678,0.158916541,678,0,,,778,0.096370451,,,778,0,,,,,,,,,708,0.00016301
,,,,789,8.00913E-06,,,679,0.156997917,679,0,,,779,0.09649432,,,779,0,,,,,,,,,709,0.000147923
,,,,790,7.4657E-06,,,680,0.155073225,680,0,,,780,0.09661819,,,780,0,,,,,,,,,710,0.000134143
,,,,791,6.95957E-06,,,681,0.153274877,681,0,,,781,0.096742059,,,781,0,,,,,,,,,711,0.000121565
,,,,792,0.000006488,,,682,0.151470578,682,0,,,782,0.096865929,,,782,0,,,,,,,,,712,0.000110092
,,,,793,6.0487E-06,,,683,0.149660327,683,0,,,783,0.096989798,,,783,0,,,,,,,,,713,9.96352E-05
,,,,794,5.6394E-06,,,684,0.147844126,684,0,,,784,0.097113668,,,784,0,,,,,,,,,714,0.000090111
,,,,795,5.2578E-06,,,685,0.146021973,685,0,,,785,0.097237537,,,785,0,,,,,,,,,715,8.14423E-05
,,,,796,4.90177E-06,,,686,0.144227215,686,0,,,786,0.097361407,,,786,0,,,,,,,,,716,7.35579E-05
,,,,797,4.56972E-06,,,687,0.142426879,687,0,,,787,0.097485276,,,787,0,,,,,,,,,717,6.63918E-05
,,,,798,4.26019E-06,,,688,0.140620413,688,0,,,788,0.097609146,,,788,0,,,,,,,,,718,5.98834E-05
,,,,799,3.97174E-06,,,689,0.13880837,689,0,,,789,0.097733015,,,789,0,,,,,,,,,719,5.39765E-05
,,,,800,3.7029E-06,,,690,0.136990197,690,0,,,790,0.097856885,,,790,0,,,,,,,,,720,4.86192E-05
,,,,801,3.45216E-06,,,691,0.135267492,691,0,,,791,0.097980754,,,791,0,,,,,,,,,721,4.37639E-05
,,,,802,3.2183E-06,,,692,0.133539227,692,0,,,792,0.098104623,,,792,0,,,,,,,,,722,3.93667E-05
,,,,803,3.0003E-06,,,693,0.131805122,693,0,,,793,0.098228493,,,793,0,,,,,,,,,723,3.53872E-05
,,,,804,2.79714E-06,,,694,0.130065735,694,0,,,794,0.098352362,,,794,0,,,,,,,,,724,3.17883E-05
,,,,805,2.6078E-06,,,695,0.128320786,695,0,,,795,0.098476232,,,795,0,,,,,,,,,725,0.000028536
,,,,806,2.43122E-06,,,696,0.126569998,696,0,,,796,0.098600101,,,796,0,,,,,,,,,726,2.55989E-05
,,,,807,2.26653E-06,,,697,0.124813928,697,0,,,797,0.098723971,,,797,0,,,,,,,,,727,2.29484E-05
,,,,808,2.11301E-06,,,698,0.123052297,698,0,,,798,0.09884784,,,798,0,,,,,,,,,728,2.05582E-05
,,,,809,1.96994E-06,,,699,0.121285105,699,0,,,799,0.09897171,,,799,0,,,,,,,,,729,1.84044E-05
,,,,810,1.8366E-06,,,700,0.119512071,700,0,,,800,0.099095579,,,800,0,,,,,,,,,730,1.64649E-05
,,,,811,1.71223E-06,,,701,0.117425955,701,0,,,,,,,,,,,,,,,,,731,1.47197E-05
,,,,812,1.59623E-06,,,702,0.115333399,702,0,,,,,,,,,,,,,,,,,732,1.31504E-05
,,,,813,1.48809E-06,,,703,0.113234404,703,0,,,,,,,,,,,,,,,,,733,1.17404E-05
,,,,814,1.38731E-06,,,704,0.11112897,704,0,,,,,,,,,,,,,,,,,734,1.04743E-05
,,,,815,1.2934E-06,,,705,0.109017098,705,0,,,,,,,,,,,,,,,,,735,9.33826E-06
,,,,816,1.20582E-06,,,706,0.106933105,706,0,,,,,,,,,,,,,,,,,736,8.31971E-06
,,,,817,1.12414E-06,,,707,0.104843054,707,0,,,,,,,,,,,,,,,,,737,7.40713E-06
,,,,818,1.04801E-06,,,708,0.102746377,708,0,,,,,,,,,,,,,,,,,738,6.59009E-06
,,,,819,9.77E-07,,,709,0.100643359,709,0,,,,,,,,,,,,,,,,,739,5.8591E-06
,,,,820,9.11E-07,,,710,0.098534,710,0,,,,,,,,,,,,,,,,,740,5.20559E-06
,,,,821,8.49E-07,,,711,0.096522553,711,0,,,,,,,,,,,,,,,,,741,4.62175E-06
,,,,822,7.92E-07,,,712,0.094505058,712,0,,,,,,,,,,,,,,,,,742,4.10055E-06
,,,,823,7.38E-07,,,713,0.092481229,713,0,,,,,,,,,,,,,,,,,743,3.63558E-06
,,,,824,6.88E-07,,,714,0.090451637,714,0,,,,,,,,,,,,,,,,,744,3.2211E-06
,,,,825,6.42E-07,,,715,0.088415709,715,0,,,,,,,,,,,,,,,,,745,2.85188E-06
,,,,826,5.98E-07,,,716,0.086548616,716,0,,,,,,,,,,,,,,,,,746,2.52322E-06
,,,,827,5.58E-07,,,717,0.084675963,717,0,,,,,,,,,,,,,,,,,747,2.23088E-06
,,,,828,5.20E-07,,,718,0.082797749,718,0,,,,,,,,,,,,,,,,,748,1.97103E-06
,,,,829,4.85E-07,,,719,0.080913686,719,0,,,,,,,,,,,,,,,,,749,1.74023E-06
,,,,830,4.52E-07,,,720,0.07902435,720,0,,,,,,,,,,,,,,,,,750,1.53537E-06
,,,,,,,,721,0.077375654,721,0,,,,,,,,,,,,,,,,,751,1.35369E-06
,,,,,,,,722,0.07572208,722,0,,,,,,,,,,,,,,,,,752,1.19266E-06
,,,,,,,,723,0.074063338,723,0,,,,,,,,,,,,,,,,,753,1.05005E-06
,,,,,,,,724,0.072400008,724,0,,,,,,,,,,,,,,,,,754,9.24E-07
,,,,,,,,725,0.070731801,725,0,,,,,,,,,,,,,,,,,755,8.12E-07
,,,,,,,,726,0.070014765,726,0,,,,,,,,,,,,,,,,,756,7.14E-07
,,,,,,,,727,0.069295486,727,0,,,,,,,,,,,,,,,,,757,6.27E-07
,,,,,,,,728,0.068573962,728,0,,,,,,,,,,,,,,,,,758,5.50E-07
,,,,,,,,729,0.067850194,729,0,,,,,,,,,,,,,,,,,759,4.82E-07
,,,,,,,,730,0.067124476,730,0,,,,,,,,,,,,,,,,,760,4.22E-07
,,,,,,,,731,0.066538942,731,0,,,,,,,,,,,,,,,,,761,3.70E-07
,,,,,,,,732,0.065951554,732,0,,,,,,,,,,,,,,,,,762,3.23E-07
,,,,,,,,733,0.065362018,733,0,,,,,,,,,,,,,,,,,763,2.83E-07
,,,,,,,,734,0.064770923,734,0,,,,,,,,,,,,,,,,,764,2.47E-07
,,,,,,,,735,0.064177974,735,0,,,,,,,,,,,,,,,,,765,2.16E-07
,,,,,,,,736,0.063690797,736,0,,,,,,,,,,,,,,,,,766,1.88E-07
,,,,,,,,737,0.063202354,737,0,,,,,,,,,,,,,,,,,767,1.64E-07
,,,,,,,,738,0.062712055,738,0,,,,,,,,,,,,,,,,,768,1.43E-07
,,,,,,,,739,0.062220195,739,0,,,,,,,,,,,,,,,,,769,1.24E-07
,,,,,,,,740,0.061726774,740,0,,,,,,,,,,,,,,,,,770,1.08E-07
,,,,,,,,741,0,741,0,,,,,,,,,,,,,,,,,771,9.40E-08
,,,,,,,,742,0,742,0,,,,,,,,,,,,,,,,,772,8.17E-08
,,,,,,,,743,0,743,0,,,,,,,,,,,,,,,,,773,7.09E-08
,,,,,,,,744,0,744,0,,,,,,,,,,,,,,,,,774,6.15E-08
,,,,,,,,745,0,745,0,,,,,,,,,,,,,,,,,775,5.33E-08
,,,,,,,,746,0,746,0,,,,,,,,,,,,,,,,,776,4.62E-08
,,,,,,,,747,0,747,0,,,,,,,,,,,,,,,,,777,4.00E-08
,,,,,,,,748,0,748,0,,,,,,,,,,,,,,,,,778,3.46E-08
,,,,,,,,749,0,749,0,,,,,,,,,,,,,,,,,779,2.99E-08
,,,,,,,,750,0,750,0,,,,,,,,,,,,,,,,,780,2.58E-08
,,,,,,,,751,0,751,0,,,,,,,,,,,,,,,,,,
,,,,,,,,752,0,752,0,,,,,,,,,,,,,,,,,,
,,,,,,,,753,0,753,0,,,,,,,,,,,,,,,,,,
,,,,,,,,754,0,754,0,,,,,,,,,,,,,,,,,,
,,,,,,,,755,0,755,0,,,,,,,,,,,,,,,,,,
,,,,,,,,756,0,756,0,,,,,,,,,,,,,,,,,,
,,,,,,,,757,0,757,0,,,,,,,,,,,,,,,,,,
,,,,,,,,758,0,758,0,,,,,,,,,,,,,,,,,,
,,,,,,,,759,0,759,0,,,,,,,,,,,,,,,,,,
,,,,,,,,760,0,760,0,,,,,,,,,,,,,,,,,,
,,,,,,,,761,0,761,0,,,,,,,,,,,,,,,,,,
,,,,,,,,762,0,762,0,,,,,,,,,,,,,,,,,,
,,,,,,,,763,0,763,0,,,,,,,,,,,,,,,,,,
,,,,,,,,764,0,764,0,,,,,,,,,,,,,,,,,,
,,,,,,,,765,0,765,0,,,,,,,,,,,,,,,,,,
,,,,,,,,766,0,766,0,,,,,,,,,,,,,,,,,,
,,,,,,,,767,0,767,0,,,,,,,,,,,,,,,,,,
,,,,,,,,768,0,768,0,,,,,,,,,,,,,,,,,,
,,,,,,,,769,0,769,0,,,,,,,,,,,,,,,,,,
,,,,,,,,770,0,770,0,,,,,,,,,,,,,,,,,,
,,,,,,,,771,0,771,0,,,,,,,,,,,,,,,,,,
,,,,,,,,772,0,772,0,,,,,,,,,,,,,,,,,,
,,,,,,,,773,0,773,0,,,,,,,,,,,,,,,,,,
,,,,,,,,774,0,774,0,,,,,,,,,,,,,,,,,,
,,,,,,,,775,0,775,0,,,,,,,,,,,,,,,,,,
,,,,,,,,776,0,776,0,,,,,,,,,,,,,,,,,,
,,,,,,,,777,0,777,0,,,,,,,,,,,,,,,,,,
,,,,,,,,778,0,778,0,,,,,,,,,,,,,,,,,,
,,,,,,,,779,0,779,0,,,,,,,,,,,,,,,,,,
,,,,,,,,780,0,780,0,,,,,,,,,,,,,,,,,,
